#
# A fatal error has been detected by the Java Runtime Environment:
#
#  SIGSEGV (0xb) at pc=0x00007fbfffb88179, pid=28965, tid=0x00007fbf750e3700
#
# JRE version: OpenJDK Runtime Environment (8.0_152) (build 1.8.0_152-release-1343-b16-5323222)
# Java VM: OpenJDK 64-Bit Server VM (25.152-b16-5323222 mixed mode linux-amd64 compressed oops)
# Problematic frame:
# J 17217 C2 java.util.HashMap.resize()[Ljava/util/HashMap$Node; (359 bytes) @ 0x00007fbfffb88179 [0x00007fbfffb87dc0+0x3b9]
#
# Failed to write core dump. Core dumps have been disabled. To enable core dumping, try "ulimit -c unlimited" before starting Java again
#
# If you would like to submit a bug report, please visit:
#   http://bugreport.java.com/bugreport/crash.jsp
#

---------------  T H R E A D  ---------------

Current thread (0x00007fbff4044000):  JavaThread "ForkJoinPool-1-worker-6" daemon [_thread_in_Java, id=29064, stack(0x00007fbf74fe3000,0x00007fbf750e4000)]

siginfo: si_signo: 11 (SIGSEGV), si_code: 1 (SEGV_MAPERR), si_addr: 0x0000000000000218

Registers:
RAX=0x00000000f9c1b868, RBX=0x0000000000000000, RCX=0x0000000000007fff, RDX=0x0000000000000200
RSP=0x00007fbf750e1ce0, RBP=0x00000000fa475fa0, RSI=0x0000000000000200, RDI=0x00000000fa475fa0
R8 =0x0000000000000200, R9 =0x0000000000003f94, R10=0x0000000000000200, R11=0x0000000000000000
R12=0x0000000000000000, R13=0x00000000fa48da68, R14=0x00007fbf750e1d20, R15=0x00007fbff4044000
RIP=0x00007fbfffb88179, EFLAGS=0x0000000000010206, CSGSFS=0x0000000000000033, ERR=0x0000000000000004
  TRAPNO=0x000000000000000e

Top of Stack: (sp=0x00007fbf750e1ce0)
0x00007fbf750e1ce0:   00007fbff9c1b868 00008000fd297e3f
0x00007fbf750e1cf0:   00000000f80d6fa0 0000000000004000
0x00007fbf750e1d00:   00000000ff05a9e8 00000000f80d6fd8
0x00007fbf750e1d10:   00000000ea74e9b8 00007fc0002e21f4
0x00007fbf750e1d20:   00000000e0000418 00007fbffff180cc
0x00007fbf750e1d30:   0000000000000000 00007fbffd4993e0
0x00007fbf750e1d40:   00000000f80d6fa0 00020000f9eb6348
0x00007fbf750e1d50:   00000000f80d6fa0 00007fbffceffb88
0x00007fbf750e1d60:   000000010002b7b8 00000000e9201fd0
0x00007fbf750e1d70:   00000000f80d6fa0 00007fbfffb78a64
0x00007fbf750e1d80:   00000000e79713f0 00000000f80d6ec8
0x00007fbf750e1d90:   00000000ea74e6d0 00007fc000388b3c
0x00007fbf750e1da0:   00007fbf750e1dd0 00000000ea740040
0x00007fbf750e1db0:   00000000e91e3080 00000000f80d6ec8
0x00007fbf750e1dc0:   00000000e9578438 0000000000000000
0x00007fbf750e1dd0:   00000000f80d6ec8 0000000000000000
0x00007fbf750e1de0:   00000000e9201fd0 00000000f80d6f90
0x00007fbf750e1df0:   00007fbf750e1e30 00000000ea74d5d0
0x00007fbf750e1e00:   00000000ea74e6d0 00007fc0002e2a8c
0x00007fbf750e1e10:   00000000f80d6ec8 00000000fe98a010
0x00007fbf750e1e20:   00000000f80d6ec8 00007fc0008f36d0
0x00007fbf750e1e30:   00000000ea74e920 00000000f80d6ec8
0x00007fbf750e1e40:   00000001ea74ea08 00000000ea74ea08
0x00007fbf750e1e50:   0000000000000003 0000000100ce5428
0x00007fbf750e1e60:   00000000f80d6ec8 00000000f80d6ec8
0x00007fbf750e1e70:   00000000ea74e6d0 00000000e9201fd0
0x00007fbf750e1e80:   00000000f80d6ec8 0000000000000000
0x00007fbf750e1e90:   00000000ffffffff 00000000f80d7068
0x00007fbf750e1ea0:   00000000f80d6ec8 0000000000000000
0x00007fbf750e1eb0:   00000000ea74e6d0 00007fbffda30a5c
0x00007fbf750e1ec0:   00000000fec160a0 00007fc01115232d
0x00007fbf750e1ed0:   00000000ea73fdc0 00007fbfffc32a7c 

Instructions: (pc=0x00007fbfffb88179)
0x00007fbfffb88159:   47 88 24 13 e9 ab fe ff ff 49 8b d0 45 8b d0 48
0x00007fbfffb88169:   8b ee 48 8b f2 eb 09 33 ed 45 33 db 33 ff 33 db
0x00007fbfffb88179:   44 8b 46 18 8b 54 24 18 85 56 0c 0f 85 2b ff ff
0x00007fbfffb88189:   ff 48 85 ed 74 1e 44 89 55 18 4c 8b d5 49 c1 ea 

Register to memory mapping:

RAX=0x00000000f9c1b868 is an oop
[Ljava.util.HashMap$Node; 
 - klass: 'java/util/HashMap$Node'[]
 - length: 16384
RBX=0x0000000000000000 is an unknown value
RCX=0x0000000000007fff is an unknown value
RDX=0x0000000000000200 is an unknown value
RSP=0x00007fbf750e1ce0 is pointing into the stack for thread: 0x00007fbff4044000
RBP=0x00000000fa475fa0 is an oop
java.util.LinkedHashMap$Entry 
 - klass: 'java/util/LinkedHashMap$Entry'
RSI=0x0000000000000200 is an unknown value
RDI=0x00000000fa475fa0 is an oop
java.util.LinkedHashMap$Entry 
 - klass: 'java/util/LinkedHashMap$Entry'
R8 =0x0000000000000200 is an unknown value
R9 =0x0000000000003f94 is an unknown value
R10=0x0000000000000200 is an unknown value
R11=0x0000000000000000 is an unknown value
R12=0x0000000000000000 is an unknown value
R13=0x00000000fa48da68 is an oop
[Ljava.util.HashMap$Node; 
 - klass: 'java/util/HashMap$Node'[]
 - length: 32768
R14=0x00007fbf750e1d20 is pointing into the stack for thread: 0x00007fbff4044000
R15=0x00007fbff4044000 is a thread


Stack: [0x00007fbf74fe3000,0x00007fbf750e4000],  sp=0x00007fbf750e1ce0,  free space=1019k
Native frames: (J=compiled Java code, j=interpreted, Vv=VM code, C=native code)
J 17217 C2 java.util.HashMap.resize()[Ljava/util/HashMap$Node; (359 bytes) @ 0x00007fbfffb88179 [0x00007fbfffb87dc0+0x3b9]
J 1816 C2 java.util.HashSet.add(Ljava/lang/Object;)Z (20 bytes) @ 0x00007fbffd4993e0 [0x00007fbffd498ac0+0x920]
J 20565 C1 com.android.tools.r8.dex.VirtualFile$IndexedItemTransaction.addMethod(Lcom/android/tools/r8/graph/DexMethod;)Z (17 bytes) @ 0x00007fc000388b3c [0x00007fc000388a60+0xdc]
J 20212 C1 com.android.tools.r8.graph.DexMethod.collectIndexedItemsExceptName(Lcom/android/tools/r8/dex/IndexedItemCollection;Lcom/android/tools/r8/graph/DexMethod;I)Z (34 bytes) @ 0x00007fc0002e2a8c [0x00007fc0002e2a00+0x8c]
J 21351 C1 com.android.tools.r8.graph.DexEncodedMethod.collectIndexedItems(Lcom/android/tools/r8/dex/IndexedItemCollection;Lcom/android/tools/r8/graph/DexMethod;I)V (48 bytes) @ 0x00007fbffda30a5c [0x00007fbffda309c0+0x9c]
J 22966 C2 com.android.tools.r8.graph.DexItem.consumeArray([Lcom/android/tools/r8/graph/DexItem;Ljava/util/function/Consumer;)V (45 bytes) @ 0x00007fbfffd7ee20 [0x00007fbfffd7eb20+0x300]
J 21969 C1 com.android.tools.r8.graph.DexProgramClass.collectIndexedItems(Lcom/android/tools/r8/dex/IndexedItemCollection;Lcom/android/tools/r8/graph/DexMethod;I)V (210 bytes) @ 0x00007fc000029c94 [0x00007fc000029200+0xa94]
J 21967 C1 com.android.tools.r8.dex.VirtualFile.addClass(Lcom/android/tools/r8/graph/DexProgramClass;)V (9 bytes) @ 0x00007fbfffdb47fc [0x00007fbfffdb4780+0x7c]
j  com.android.tools.r8.dex.VirtualFile$PackageSplitPopulator.call()Ljava/util/Map;+245
j  com.android.tools.r8.dex.VirtualFile$FillFilesDistributor.run()Ljava/util/Collection;+292
j  com.android.tools.r8.dex.ApplicationWriter.distribute(Ljava/util/concurrent/ExecutorService;)Ljava/lang/Iterable;+113
j  com.android.tools.r8.dex.ApplicationWriter.write(Ljava/util/concurrent/ExecutorService;)V+113
j  com.android.tools.r8.D8.run(Lcom/android/tools/r8/utils/AndroidApp;Lcom/android/tools/r8/utils/InternalOptions;Ljava/util/concurrent/ExecutorService;)V+268
j  com.android.tools.r8.D8.lambda$run$1(Lcom/android/tools/r8/utils/AndroidApp;Lcom/android/tools/r8/utils/InternalOptions;Ljava/util/concurrent/ExecutorService;)V+3
j  com.android.tools.r8.D8$$Lambda$463.run()V+12
j  com.android.tools.r8.utils.ExceptionUtils.withCompilationHandler(Lcom/android/tools/r8/utils/Reporter;Lcom/android/tools/r8/utils/ExceptionUtils$CompileAction;)V+1
j  com.android.tools.r8.utils.ExceptionUtils.withD8CompilationHandler(Lcom/android/tools/r8/utils/Reporter;Lcom/android/tools/r8/utils/ExceptionUtils$CompileAction;)V+2
j  com.android.tools.r8.D8.run(Lcom/android/tools/r8/D8Command;Ljava/util/concurrent/ExecutorService;)V+22
j  com.android.builder.dexing.D8DexArchiveMerger.mergeDexArchives(Ljava/util/Iterator;Ljava/nio/file/Path;Ljava/nio/file/Path;Lcom/android/builder/dexing/DexingType;)V+411
j  com.android.build.gradle.internal.transforms.DexMergerTransformCallable.call()Ljava/lang/Void;+175
j  com.android.build.gradle.internal.transforms.DexMergerTransformCallable.call()Ljava/lang/Object;+1
j  java.util.concurrent.ForkJoinTask$AdaptedCallable.exec()Z+5
j  java.util.concurrent.ForkJoinTask.doExec()I+10
j  java.util.concurrent.ForkJoinPool$WorkQueue.runTask(Ljava/util/concurrent/ForkJoinTask;)V+21
j  java.util.concurrent.ForkJoinPool.runWorker(Ljava/util/concurrent/ForkJoinPool$WorkQueue;)V+35
j  java.util.concurrent.ForkJoinWorkerThread.run()V+24
v  ~StubRoutines::call_stub
V  [libjvm.so+0x641b4a]  JavaCalls::call_helper(JavaValue*, methodHandle*, JavaCallArguments*, Thread*)+0xeea
V  [libjvm.so+0x63f204]  JavaCalls::call_virtual(JavaValue*, KlassHandle, Symbol*, Symbol*, JavaCallArguments*, Thread*)+0x2a4
V  [libjvm.so+0x63f7fa]  JavaCalls::call_virtual(JavaValue*, Handle, KlassHandle, Symbol*, Symbol*, Thread*)+0x4a
V  [libjvm.so+0x68048e]  thread_entry(JavaThread*, Thread*)+0x8e
V  [libjvm.so+0x9abd98]  JavaThread::thread_main_inner()+0xd8
V  [libjvm.so+0x864822]  java_start(Thread*)+0xf2
C  [libpthread.so.0+0x8184]  start_thread+0xc4


---------------  P R O C E S S  ---------------

Java Threads: ( => current thread )
  0x00007fc00c56f800 JavaThread "ForkJoinPool-1-worker-7" daemon [_thread_blocked, id=29065, stack(0x00007fbf77d39000,0x00007fbf77e3a000)]
=>0x00007fbff4044000 JavaThread "ForkJoinPool-1-worker-6" daemon [_thread_in_Java, id=29064, stack(0x00007fbf74fe3000,0x00007fbf750e4000)]
  0x00007fbf9c3a5000 JavaThread "ForkJoinPool-1-worker-4" daemon [_thread_blocked, id=29063, stack(0x00007fbf752e4000,0x00007fbf753e5000)]
  0x00007fbf9c486000 JavaThread "ForkJoinPool-1-worker-0" daemon [_thread_blocked, id=29062, stack(0x00007fbf753e5000,0x00007fbf754e6000)]
  0x00007fbf9c47a800 JavaThread "ForkJoinPool-1-worker-3" daemon [_thread_blocked, id=29061, stack(0x00007fbf77e3a000,0x00007fbf77f3b000)]
  0x00007fbf9c3ac800 JavaThread "ForkJoinPool-1-worker-2" daemon [_thread_blocked, id=29060, stack(0x00007fbf798d3000,0x00007fbf799d4000)]
  0x00007fbf9c47f000 JavaThread "ForkJoinPool-1-worker-1" daemon [_thread_blocked, id=29059, stack(0x00007fbfc3224000,0x00007fbfc3325000)]
  0x00007fbf9c48d000 JavaThread "ForkJoinPool.commonPool-worker-3" daemon [_thread_blocked, id=29050, stack(0x00007fbf78bd0000,0x00007fbf78cd1000)]
  0x00007fbfa44c9800 JavaThread "ForkJoinPool.commonPool-worker-1" daemon [_thread_blocked, id=29047, stack(0x00007fbf7833b000,0x00007fbf7843c000)]
  0x00007fbfb0070800 JavaThread "stdout" daemon [_thread_in_native, id=29039, stack(0x00007fbf78457000,0x00007fbf78558000)]
  0x00007fbfb006e800 JavaThread "stderr" daemon [_thread_in_native, id=29038, stack(0x00007fbf78558000,0x00007fbf78659000)]
  0x00007fbfb005f800 JavaThread "process reaper" daemon [_thread_in_native, id=29037, stack(0x00007fbf78659000,0x00007fbf78692000)]
  0x00007fbfb400e800 JavaThread "stdout" daemon [_thread_in_native, id=29036, stack(0x00007fbf78692000,0x00007fbf78793000)]
  0x00007fbfb400d000 JavaThread "stderr" daemon [_thread_in_native, id=29035, stack(0x00007fbf78793000,0x00007fbf78894000)]
  0x00007fbfa44e8800 JavaThread "stdout" daemon [_thread_in_native, id=29034, stack(0x00007fbf78894000,0x00007fbf78995000)]
  0x00007fbfa44e7000 JavaThread "stderr" daemon [_thread_in_native, id=29033, stack(0x00007fbf78995000,0x00007fbf78a96000)]
  0x00007fbfb400b000 JavaThread "process reaper" daemon [_thread_in_native, id=29032, stack(0x00007fbf78a96000,0x00007fbf78acf000)]
  0x00007fbfa44df800 JavaThread "process reaper" daemon [_thread_in_native, id=29031, stack(0x00007fbfc001a000,0x00007fbfc0053000)]
  0x00007fbfa44e4800 JavaThread "pool-2-thread-1" [_thread_blocked, id=29027, stack(0x00007fbf78acf000,0x00007fbf78bd0000)]
  0x00007fbfa4ee4000 JavaThread "Cache worker for Java compile cache (/home/kunjan/Documents/demoapp/application/.gradle/5.1.1/javaCompile)" [_thread_blocked, id=29022, stack(0x00007fbf792d1000,0x00007fbf793d2000)]
  0x00007fbfa4ee1000 JavaThread "Cache worker for Java compile cache (/home/kunjan/.gradle/caches/5.1.1/javaCompile)" [_thread_blocked, id=29021, stack(0x00007fbf793d2000,0x00007fbf794d3000)]
  0x00007fbfa4b70800 JavaThread "Cache worker for execution history cache (/home/kunjan/Documents/demoapp/application/.gradle/5.1.1/executionHistory)" [_thread_blocked, id=29016, stack(0x00007fbf7a6f9000,0x00007fbf7a7fa000)]
  0x00007fbfa5ebb000 JavaThread "Execution worker for ':' Thread 3" [_thread_blocked, id=29015, stack(0x00007fbf7a7fa000,0x00007fbf7a8fb000)]
  0x00007fbfa5eb9800 JavaThread "Execution worker for ':' Thread 2" [_thread_blocked, id=29014, stack(0x00007fbf7a8fb000,0x00007fbf7a9fc000)]
  0x00007fbfa5eb6000 JavaThread "Execution worker for ':'" [_thread_blocked, id=29013, stack(0x00007fbf7a9fc000,0x00007fbf7aafd000)]
  0x00007fbfa40f9800 JavaThread "Cache worker for file content cache (/home/kunjan/Documents/demoapp/application/.gradle/5.1.1/fileContent)" [_thread_blocked, id=29012, stack(0x00007fbf7acfd000,0x00007fbf7adfe000)]
  0x00007fbfa40f8800 JavaThread "Cache worker for file content cache (/home/kunjan/.gradle/caches/5.1.1/fileContent)" [_thread_blocked, id=29011, stack(0x00007fbf7adfe000,0x00007fbf7aeff000)]
  0x00007fbfa591e000 JavaThread "Memory manager" [_thread_blocked, id=29010, stack(0x00007fbf7b0ff000,0x00007fbf7b200000)]
  0x00007fbfa41ed800 JavaThread "Cache worker for Build Output Cleanup Cache (/home/kunjan/Documents/demoapp/application/.gradle/buildOutputCleanup)" [_thread_blocked, id=29008, stack(0x00007fbfc04be000,0x00007fbfc05bf000)]
  0x00007fbfa4b82800 JavaThread "pool-1-thread-1" [_thread_blocked, id=29007, stack(0x00007fbfc07bf000,0x00007fbfc08c0000)]
  0x00007fbfa5381800 JavaThread "Build operations Thread 4" [_thread_blocked, id=29006, stack(0x00007fbfc116f000,0x00007fbfc1270000)]
  0x00007fbfa537f800 JavaThread "Build operations Thread 3" [_thread_blocked, id=29005, stack(0x00007fbfc1270000,0x00007fbfc1371000)]
  0x00007fbfa537e000 JavaThread "Build operations Thread 2" [_thread_blocked, id=29004, stack(0x00007fbfc1371000,0x00007fbfc1472000)]
  0x00007fbfa537c000 JavaThread "Build operations" [_thread_blocked, id=29003, stack(0x00007fbfc1472000,0x00007fbfc1573000)]
  0x00007fbfa5274000 JavaThread "Cache worker for execution history cache (/home/kunjan/.gradle/caches/5.1.1/executionHistory)" [_thread_blocked, id=29002, stack(0x00007fbfc1973000,0x00007fbfc1a74000)]
  0x00007fbfa5226000 JavaThread "Cache worker for cache directory md-rule (/home/kunjan/.gradle/caches/5.1.1/md-rule)" [_thread_blocked, id=29001, stack(0x00007fbfc1a74000,0x00007fbfc1b75000)]
  0x00007fbfa51e3800 JavaThread "Cache worker for cache directory md-supplier (/home/kunjan/.gradle/caches/5.1.1/md-supplier)" [_thread_blocked, id=29000, stack(0x00007fbfc1b75000,0x00007fbfc1c76000)]
  0x00007fbfa4622000 JavaThread "Cache worker for file hash cache (/home/kunjan/Documents/demoapp/application/.gradle/5.1.1/fileHashes)" [_thread_blocked, id=28998, stack(0x00007fbfc291f000,0x00007fbfc2a20000)]
  0x00007fbfa4120800 JavaThread "Cache worker for journal cache (/home/kunjan/.gradle/caches/journal-1)" [_thread_blocked, id=28997, stack(0x00007fbfc2c20000,0x00007fbfc2d21000)]
  0x00007fbfa411d800 JavaThread "File lock request listener" [_thread_in_native, id=28995, stack(0x00007fbfc2d21000,0x00007fbfc2e22000)]
  0x00007fbfa4115800 JavaThread "Cache worker for file hash cache (/home/kunjan/.gradle/caches/5.1.1/fileHashes)" [_thread_blocked, id=28994, stack(0x00007fbfc2e22000,0x00007fbfc2f23000)]
  0x00007fbfa4015000 JavaThread "Thread-8" [_thread_blocked, id=28993, stack(0x00007fbfc3123000,0x00007fbfc3224000)]
  0x00007fbfa400d000 JavaThread "Asynchronous log dispatcher for DefaultDaemonConnection: socket connection from /127.0.0.1:45888 to /127.0.0.1:38388" [_thread_blocked, id=28991, stack(0x00007fbfc3325000,0x00007fbfc3426000)]
  0x00007fbfb800a000 JavaThread "Daemon worker" [_thread_blocked, id=28988, stack(0x00007fbfc3426000,0x00007fbfc3527000)]
  0x00007fbfb8008000 JavaThread "Cancel handler" [_thread_blocked, id=28987, stack(0x00007fbfc3527000,0x00007fbfc3628000)]
  0x00007fbfb8005800 JavaThread "Handler for socket connection from /127.0.0.1:45888 to /127.0.0.1:38388" [_thread_in_native, id=28986, stack(0x00007fbfc3628000,0x00007fbfc3729000)]
  0x00007fbfbc01f000 JavaThread "Daemon" [_thread_blocked, id=28985, stack(0x00007fbfc3729000,0x00007fbfc382a000)]
  0x00007fc00d036000 JavaThread "Daemon periodic checks" [_thread_blocked, id=28984, stack(0x00007fbfc382a000,0x00007fbfc392b000)]
  0x00007fc00d00f800 JavaThread "Incoming local TCP Connector on port 45888" [_thread_in_native, id=28983, stack(0x00007fbfc3932000,0x00007fbfc3a33000)]
  0x00007fc00c0c0800 JavaThread "Service Thread" daemon [_thread_blocked, id=28981, stack(0x00007fbff8bf1000,0x00007fbff8cf2000)]
  0x00007fc00c0bd800 JavaThread "C1 CompilerThread2" daemon [_thread_blocked, id=28980, stack(0x00007fbff8cf2000,0x00007fbff8df3000)]
  0x00007fc00c0bb800 JavaThread "C2 CompilerThread1" daemon [_thread_in_native, id=28979, stack(0x00007fbff8df3000,0x00007fbff8ef4000)]
  0x00007fc00c0b8800 JavaThread "C2 CompilerThread0" daemon [_thread_in_vm, id=28978, stack(0x00007fbff8ef4000,0x00007fbff8ff5000)]
  0x00007fc00c0b7800 JavaThread "Signal Dispatcher" daemon [_thread_blocked, id=28977, stack(0x00007fbff8ff5000,0x00007fbff90f6000)]
  0x00007fc00c084800 JavaThread "Finalizer" daemon [_thread_blocked, id=28976, stack(0x00007fbff97d8000,0x00007fbff98d9000)]
  0x00007fc00c080000 JavaThread "Reference Handler" daemon [_thread_blocked, id=28975, stack(0x00007fbff98d9000,0x00007fbff99da000)]
  0x00007fc00c00b000 JavaThread "main" [_thread_blocked, id=28968, stack(0x00007fc0122f7000,0x00007fc0123f8000)]

Other Threads:
  0x00007fc00c078800 VMThread [stack: 0x00007fbff99da000,0x00007fbff9adb000] [id=28974]
  0x00007fc00c0c3000 WatcherThread [stack: 0x00007fbff8af0000,0x00007fbff8bf1000] [id=28982]

VM state:not at safepoint (normal execution)

VM Mutex/Monitor currently owned by a thread: None

Heap:
 PSYoungGen      total 159232K, used 97235K [0x00000000f5580000, 0x0000000100000000, 0x0000000100000000)
  eden space 143872K, 56% used [0x00000000f5580000,0x00000000fa578d60,0x00000000fe200000)
  from space 15360K, 99% used [0x00000000fe200000,0x00000000ff0fc048,0x00000000ff100000)
  to   space 15360K, 0% used [0x00000000ff100000,0x00000000ff100000,0x0000000100000000)
 ParOldGen       total 349696K, used 200062K [0x00000000e0000000, 0x00000000f5580000, 0x00000000f5580000)
  object space 349696K, 57% used [0x00000000e0000000,0x00000000ec35fa28,0x00000000f5580000)
 Metaspace       used 99030K, capacity 103018K, committed 103956K, reserved 1140736K
  class space    used 12524K, capacity 13466K, committed 13628K, reserved 1048576K

Card table byte_map: [0x00007fc0100b6000,0x00007fc0101b7000] byte_map_base: 0x00007fc00f9b6000

Marking Bits: (ParMarkBitMap*) 0x00007fc0119f1f00
 Begin Bits: [0x00007fbffb631000, 0x00007fbffbe31000)
 End Bits:   [0x00007fbffbe31000, 0x00007fbffc631000)

Polling page: 0x00007fc01241e000

CodeCache: size=245760Kb used=60178Kb max_used=60191Kb free=185581Kb
 bounds [0x00007fbffcdf5000, 0x00007fc000915000, 0x00007fc00bdf5000]
 total_blobs=19134 nmethods=18237 adapters=806
 compilation: enabled

Compilation events (10 events):
Event: 66.287 Thread 0x00007fc00c0b8800 nmethod 22245 0x00007fc0008fbbd0 code [0x00007fc0008fbd60, 0x00007fc0008fc3c8]
Event: 66.287 Thread 0x00007fc00c0b8800 22170       4       com.android.tools.r8.ir.analysis.type.TypeLatticeElement::fromDexType (35 bytes)
Event: 66.289 Thread 0x00007fc00c0bd800 23224       2       com.android.tools.r8.code.OrInt2Addr::collectIndexedItems (8 bytes)
Event: 66.289 Thread 0x00007fc00c0bd800 nmethod 23224 0x00007fc0008f61d0 code [0x00007fc0008f6320, 0x00007fc0008f6470]
Event: 66.294 Thread 0x00007fc00c0bd800 23225       2       com.android.tools.r8.code.AndInt2Addr::collectIndexedItems (8 bytes)
Event: 66.295 Thread 0x00007fc00c0bd800 nmethod 23225 0x00007fc0008ee810 code [0x00007fc0008ee960, 0x00007fc0008eeab0]
Event: 66.303 Thread 0x00007fc00c0bd800 23226       2       com.android.tools.r8.graph.DexValue$DexValueBoolean::collectIndexedItems (8 bytes)
Event: 66.303 Thread 0x00007fc00c0bd800 nmethod 23226 0x00007fc0008fae50 code [0x00007fc0008fafa0, 0x00007fc0008fb0f0]
Event: 66.303 Thread 0x00007fc00c0bd800 23227       2       com.android.tools.r8.code.IntToByte::collectIndexedItems (8 bytes)
Event: 66.304 Thread 0x00007fc00c0bd800 nmethod 23227 0x00007fc0008fab10 code [0x00007fc0008fac60, 0x00007fc0008fadb0]

GC Heap History (10 events):
Event: 63.398 GC heap before
{Heap before GC invocations=67 (full 4):
 PSYoungGen      total 159232K, used 145152K [0x00000000f5580000, 0x00000000fff80000, 0x0000000100000000)
  eden space 144384K, 100% used [0x00000000f5580000,0x00000000fe280000,0x00000000fe280000)
  from space 14848K, 5% used [0x00000000ff100000,0x00000000ff1c0000,0x00000000fff80000)
  to   space 14848K, 0% used [0x00000000fe280000,0x00000000fe280000,0x00000000ff100000)
 ParOldGen       total 349696K, used 323961K [0x00000000e0000000, 0x00000000f5580000, 0x00000000f5580000)
  object space 349696K, 92% used [0x00000000e0000000,0x00000000f3c5e6c8,0x00000000f5580000)
 Metaspace       used 99146K, capacity 103224K, committed 103444K, reserved 1138688K
  class space    used 12558K, capacity 13547K, committed 13628K, reserved 1048576K
Event: 63.419 GC heap after
Heap after GC invocations=67 (full 4):
 PSYoungGen      total 159232K, used 9424K [0x00000000f5580000, 0x0000000100000000, 0x0000000100000000)
  eden space 144384K, 0% used [0x00000000f5580000,0x00000000f5580000,0x00000000fe280000)
  from space 14848K, 63% used [0x00000000fe280000,0x00000000febb4050,0x00000000ff100000)
  to   space 15360K, 0% used [0x00000000ff100000,0x00000000ff100000,0x0000000100000000)
 ParOldGen       total 349696K, used 324631K [0x00000000e0000000, 0x00000000f5580000, 0x00000000f5580000)
  object space 349696K, 92% used [0x00000000e0000000,0x00000000f3d05f08,0x00000000f5580000)
 Metaspace       used 99146K, capacity 103224K, committed 103444K, reserved 1138688K
  class space    used 12558K, capacity 13547K, committed 13628K, reserved 1048576K
}
Event: 63.616 GC heap before
{Heap before GC invocations=68 (full 4):
 PSYoungGen      total 159232K, used 153808K [0x00000000f5580000, 0x0000000100000000, 0x0000000100000000)
  eden space 144384K, 100% used [0x00000000f5580000,0x00000000fe280000,0x00000000fe280000)
  from space 14848K, 63% used [0x00000000fe280000,0x00000000febb4050,0x00000000ff100000)
  to   space 15360K, 0% used [0x00000000ff100000,0x00000000ff100000,0x0000000100000000)
 ParOldGen       total 349696K, used 324631K [0x00000000e0000000, 0x00000000f5580000, 0x00000000f5580000)
  object space 349696K, 92% used [0x00000000e0000000,0x00000000f3d05f08,0x00000000f5580000)
 Metaspace       used 99152K, capacity 103224K, committed 103444K, reserved 1138688K
  class space    used 12558K, capacity 13547K, committed 13628K, reserved 1048576K
Event: 63.630 GC heap after
Heap after GC invocations=68 (full 4):
 PSYoungGen      total 159232K, used 128K [0x00000000f5580000, 0x0000000100000000, 0x0000000100000000)
  eden space 143872K, 0% used [0x00000000f5580000,0x00000000f5580000,0x00000000fe200000)
  from space 15360K, 0% used [0x00000000ff100000,0x00000000ff120000,0x0000000100000000)
  to   space 15360K, 0% used [0x00000000fe200000,0x00000000fe200000,0x00000000ff100000)
 ParOldGen       total 349696K, used 327267K [0x00000000e0000000, 0x00000000f5580000, 0x00000000f5580000)
  object space 349696K, 93% used [0x00000000e0000000,0x00000000f3f98cc0,0x00000000f5580000)
 Metaspace       used 99152K, capacity 103224K, committed 103444K, reserved 1138688K
  class space    used 12558K, capacity 13547K, committed 13628K, reserved 1048576K
}
Event: 64.307 GC heap before
{Heap before GC invocations=69 (full 4):
 PSYoungGen      total 159232K, used 144000K [0x00000000f5580000, 0x0000000100000000, 0x0000000100000000)
  eden space 143872K, 100% used [0x00000000f5580000,0x00000000fe200000,0x00000000fe200000)
  from space 15360K, 0% used [0x00000000ff100000,0x00000000ff120000,0x0000000100000000)
  to   space 15360K, 0% used [0x00000000fe200000,0x00000000fe200000,0x00000000ff100000)
 ParOldGen       total 349696K, used 327267K [0x00000000e0000000, 0x00000000f5580000, 0x00000000f5580000)
  object space 349696K, 93% used [0x00000000e0000000,0x00000000f3f98cc0,0x00000000f5580000)
 Metaspace       used 99615K, capacity 103680K, committed 103956K, reserved 1140736K
  class space    used 12608K, capacity 13605K, committed 13628K, reserved 1048576K
Event: 64.391 GC heap after
Heap after GC invocations=69 (full 4):
 PSYoungGen      total 159232K, used 144000K [0x00000000f5580000, 0x0000000100000000, 0x0000000100000000)
  eden space 143872K, 100% used [0x00000000f5580000,0x00000000fe200000,0x00000000fe200000)
  from space 15360K, 0% used [0x00000000ff100000,0x00000000ff120000,0x0000000100000000)
  to   space 15360K, 99% used [0x00000000fe200000,0x00000000ff0fd488,0x00000000ff100000)
 ParOldGen       total 349696K, used 349693K [0x00000000e0000000, 0x00000000f5580000, 0x00000000f5580000)
  object space 349696K, 99% used [0x00000000e0000000,0x00000000f557f540,0x00000000f5580000)
 Metaspace       used 99615K, capacity 103680K, committed 103956K, reserved 1140736K
  class space    used 12608K, capacity 13605K, committed 13628K, reserved 1048576K
}
Event: 64.391 GC heap before
{Heap before GC invocations=70 (full 5):
 PSYoungGen      total 159232K, used 144000K [0x00000000f5580000, 0x0000000100000000, 0x0000000100000000)
  eden space 143872K, 100% used [0x00000000f5580000,0x00000000fe200000,0x00000000fe200000)
  from space 15360K, 0% used [0x00000000ff100000,0x00000000ff120000,0x0000000100000000)
  to   space 15360K, 99% used [0x00000000fe200000,0x00000000ff0fd488,0x00000000ff100000)
 ParOldGen       total 349696K, used 349693K [0x00000000e0000000, 0x00000000f5580000, 0x00000000f5580000)
  object space 349696K, 99% used [0x00000000e0000000,0x00000000f557f540,0x00000000f5580000)
 Metaspace       used 99615K, capacity 103680K, committed 103956K, reserved 1140736K
  class space    used 12608K, capacity 13605K, committed 13628K, reserved 1048576K
Event: 64.724 GC heap after
Heap after GC invocations=70 (full 5):
 PSYoungGen      total 159232K, used 0K [0x00000000f5580000, 0x0000000100000000, 0x0000000100000000)
  eden space 143872K, 0% used [0x00000000f5580000,0x00000000f5580000,0x00000000fe200000)
  from space 15360K, 0% used [0x00000000ff100000,0x00000000ff100000,0x0000000100000000)
  to   space 15360K, 0% used [0x00000000fe200000,0x00000000fe200000,0x00000000ff100000)
 ParOldGen       total 349696K, used 141314K [0x00000000e0000000, 0x00000000f5580000, 0x00000000f5580000)
  object space 349696K, 40% used [0x00000000e0000000,0x00000000e8a00a08,0x00000000f5580000)
 Metaspace       used 98945K, capacity 102864K, committed 103956K, reserved 1140736K
  class space    used 12521K, capacity 13465K, committed 13628K, reserved 1048576K
}
Event: 65.429 GC heap before
{Heap before GC invocations=71 (full 5):
 PSYoungGen      total 159232K, used 143872K [0x00000000f5580000, 0x0000000100000000, 0x0000000100000000)
  eden space 143872K, 100% used [0x00000000f5580000,0x00000000fe200000,0x00000000fe200000)
  from space 15360K, 0% used [0x00000000ff100000,0x00000000ff100000,0x0000000100000000)
  to   space 15360K, 0% used [0x00000000fe200000,0x00000000fe200000,0x00000000ff100000)
 ParOldGen       total 349696K, used 141314K [0x00000000e0000000, 0x00000000f5580000, 0x00000000f5580000)
  object space 349696K, 40% used [0x00000000e0000000,0x00000000e8a00a08,0x00000000f5580000)
 Metaspace       used 99013K, capacity 103018K, committed 103956K, reserved 1140736K
  class space    used 12524K, capacity 13466K, committed 13628K, reserved 1048576K
Event: 65.590 GC heap after
Heap after GC invocations=71 (full 5):
 PSYoungGen      total 159232K, used 15344K [0x00000000f5580000, 0x0000000100000000, 0x0000000100000000)
  eden space 143872K, 0% used [0x00000000f5580000,0x00000000f5580000,0x00000000fe200000)
  from space 15360K, 99% used [0x00000000fe200000,0x00000000ff0fc048,0x00000000ff100000)
  to   space 15360K, 0% used [0x00000000ff100000,0x00000000ff100000,0x0000000100000000)
 ParOldGen       total 349696K, used 200062K [0x00000000e0000000, 0x00000000f5580000, 0x00000000f5580000)
  object space 349696K, 57% used [0x00000000e0000000,0x00000000ec35fa28,0x00000000f5580000)
 Metaspace       used 99013K, capacity 103018K, committed 103956K, reserved 1140736K
  class space    used 12524K, capacity 13466K, committed 13628K, reserved 1048576K
}

Deoptimization events (10 events):
Event: 61.682 Thread 0x00007fbfa44c9800 Uncommon trap: reason=bimorphic action=maybe_recompile pc=0x00007fc0005aaf44 method=com.android.tools.r8.ir.conversion.IRBuilder.checkRegister(I)V @ 20
Event: 62.109 Thread 0x00007fbfa44c9800 Uncommon trap: reason=unstable_if action=reinterpret pc=0x00007fbffe3117f8 method=java.util.Arrays.equals([Ljava/lang/Object;[Ljava/lang/Object;)Z @ 47
Event: 62.480 Thread 0x00007fbf9c33b000 Uncommon trap: reason=unstable_if action=reinterpret pc=0x00007fc000667130 method=com.android.tools.r8.ir.code.Instruction.identicalAfterRegisterAllocation(Lcom/android/tools/r8/ir/code/Instruction;Lcom/android/tools/r8/ir/regalloc/RegisterAllocator;)Z @ 
Event: 63.455 Thread 0x00007fbf9c33b000 Uncommon trap: reason=unstable_if action=reinterpret pc=0x00007fc0004c8a78 method=java.util.TimSort.countRunAndMakeAscending([Ljava/lang/Object;IILjava/util/Comparator;)I @ 27
Event: 63.852 Thread 0x00007fbfa5ebb000 Uncommon trap: reason=unstable_if action=reinterpret pc=0x00007fbffe610c04 method=org.gradle.internal.snapshot.impl.DirectorySnapshotter$1.visitFile(Ljava/nio/file/Path;Ljava/nio/file/attribute/BasicFileAttributes;)Ljava/nio/file/FileVisitResult; @ 37
Event: 64.073 Thread 0x00007fbf9c3a5000 Uncommon trap: reason=unstable_if action=reinterpret pc=0x00007fbfff0a2db8 method=java.util.Arrays.hashCode([Ljava/lang/Object;)I @ 1
Event: 64.983 Thread 0x00007fbf9c47a800 Uncommon trap: reason=class_check action=maybe_recompile pc=0x00007fc0007abc5c method=com.android.tools.r8.graph.DexItem.collectIndexedItems(Lcom/android/tools/r8/dex/IndexedItemCollection;)V @ 4
Event: 64.983 Thread 0x00007fbf9c47a800 Uncommon trap: reason=class_check action=maybe_recompile pc=0x00007fc0007abc5c method=com.android.tools.r8.graph.DexItem.collectIndexedItems(Lcom/android/tools/r8/dex/IndexedItemCollection;)V @ 4
Event: 64.983 Thread 0x00007fbf9c47a800 Uncommon trap: reason=class_check action=maybe_recompile pc=0x00007fc0007abc5c method=com.android.tools.r8.graph.DexItem.collectIndexedItems(Lcom/android/tools/r8/dex/IndexedItemCollection;)V @ 4
Event: 64.983 Thread 0x00007fbf9c47a800 Uncommon trap: reason=class_check action=maybe_recompile pc=0x00007fc0007abc5c method=com.android.tools.r8.graph.DexItem.collectIndexedItems(Lcom/android/tools/r8/dex/IndexedItemCollection;)V @ 4

Classes redefined (0 events):
No events

Internal exceptions (10 events):
Event: 63.615 Thread 0x00007fbf9c33b000 Exception <a 'sun/nio/fs/UnixException'> (0x00000000fe213128) thrown at [/buildbot/src/googleplex-android/openjdk/out/hotspot/src/share/vm/prims/jni.cpp, line 709]
Event: 63.856 Thread 0x00007fbfa5ebb000 Exception <a 'sun/nio/fs/UnixException'> (0x00000000f68c1b50) thrown at [/buildbot/src/googleplex-android/openjdk/out/hotspot/src/share/vm/prims/jni.cpp, line 709]
Event: 64.073 Thread 0x00007fbf9c3a5000 Implicit null exception at 0x00007fbfff0a2caf to 0x00007fbfff0a2da9
Event: 65.036 Thread 0x00007fc00c56f800 Exception <a 'sun/nio/fs/UnixException'> (0x00000000f8550218) thrown at [/buildbot/src/googleplex-android/openjdk/out/hotspot/src/share/vm/prims/jni.cpp, line 709]
Event: 65.052 Thread 0x00007fbf9c47a800 Exception <a 'sun/nio/fs/UnixException'> (0x00000000f8774d90) thrown at [/buildbot/src/googleplex-android/openjdk/out/hotspot/src/share/vm/prims/jni.cpp, line 709]
Event: 65.088 Thread 0x00007fbfa591e000 Exception <a 'java/io/IOException'> (0x00000000f8c222d0) thrown at [/buildbot/src/googleplex-android/openjdk/out/hotspot/src/share/vm/prims/jni.cpp, line 709]
Event: 65.118 Thread 0x00007fbf9c47a800 Exception <a 'sun/nio/fs/UnixException'> (0x00000000f8efa9c0) thrown at [/buildbot/src/googleplex-android/openjdk/out/hotspot/src/share/vm/prims/jni.cpp, line 709]
Event: 65.120 Thread 0x00007fbf9c3a5000 Exception <a 'sun/nio/fs/UnixException'> (0x00000000f8f8b330) thrown at [/buildbot/src/googleplex-android/openjdk/out/hotspot/src/share/vm/prims/jni.cpp, line 709]
Event: 65.933 Thread 0x00007fbf9c3ac800 Exception <a 'sun/nio/fs/UnixException'> (0x00000000f7c9bb28) thrown at [/buildbot/src/googleplex-android/openjdk/out/hotspot/src/share/vm/prims/jni.cpp, line 709]
Event: 66.309 Thread 0x00007fbff4044000 Implicit null exception at 0x00007fbfffb88179 to 0x0000000000000000

Events (10 events):
Event: 66.157 Thread 0x00007fbff4044000 DEOPT PACKING pc=0x00007fbfffe12f02 sp=0x00007fbf750e1d60
Event: 66.157 Thread 0x00007fbff4044000 DEOPT UNPACKING pc=0x00007fbffce3c4c4 sp=0x00007fbf750e1b90 mode 0
Event: 66.163 Thread 0x00007fbff4044000 DEOPT PACKING pc=0x00007fbfffe12f02 sp=0x00007fbf750e1d60
Event: 66.163 Thread 0x00007fbff4044000 DEOPT UNPACKING pc=0x00007fbffce3c4c4 sp=0x00007fbf750e1b90 mode 0
Event: 66.171 Thread 0x00007fbff4044000 DEOPT PACKING pc=0x00007fbfffe12f02 sp=0x00007fbf750e1d60
Event: 66.171 Thread 0x00007fbff4044000 DEOPT UNPACKING pc=0x00007fbffce3c4c4 sp=0x00007fbf750e1b90 mode 0
Event: 66.178 Thread 0x00007fbff4044000 DEOPT PACKING pc=0x00007fbfffe12f02 sp=0x00007fbf750e1d60
Event: 66.178 Thread 0x00007fbff4044000 DEOPT UNPACKING pc=0x00007fbffce3c4c4 sp=0x00007fbf750e1b90 mode 0
Event: 66.184 Thread 0x00007fbff4044000 DEOPT PACKING pc=0x00007fbfffe12f02 sp=0x00007fbf750e1d60
Event: 66.184 Thread 0x00007fbff4044000 DEOPT UNPACKING pc=0x00007fbffce3c4c4 sp=0x00007fbf750e1b90 mode 0


Dynamic libraries:
00400000-00401000 r-xp 00000000 08:02 30934315                           /home/kunjan/Documents/android-studio/jre/bin/java
00401000-00402000 rw-p 00000000 08:02 30934315                           /home/kunjan/Documents/android-studio/jre/bin/java
006f6000-00761000 rw-p 00000000 00:00 0                                  [heap]
e0000000-f5580000 rw-p 00000000 00:00 0 
f5580000-100000000 rw-p 00000000 00:00 0 
100000000-100d4f000 rw-p 00000000 00:00 0 
100d4f000-140000000 ---p 00000000 00:00 0 
7fbf74fe3000-7fbf74fe6000 ---p 00000000 00:00 0 
7fbf74fe6000-7fbf75124000 rw-p 00000000 00:00 0 
7fbf75124000-7fbf752e4000 ---p 00000000 00:00 0 
7fbf752e4000-7fbf752e7000 ---p 00000000 00:00 0 
7fbf752e7000-7fbf753e5000 rw-p 00000000 00:00 0 
7fbf753e5000-7fbf753e8000 ---p 00000000 00:00 0 
7fbf753e8000-7fbf756e6000 rw-p 00000000 00:00 0 
7fbf756e6000-7fbf758e6000 rw-p 00000000 00:00 0 
7fbf758e6000-7fbf75ae6000 rw-p 00000000 00:00 0 
7fbf75ae6000-7fbf75ce6000 rw-p 00000000 00:00 0 
7fbf75ce6000-7fbf75ee6000 rw-p 00000000 00:00 0 
7fbf75ee6000-7fbf77d0c000 rw-p 00000000 00:00 0 
7fbf77d39000-7fbf77d3c000 ---p 00000000 00:00 0 
7fbf77d3c000-7fbf77e3a000 rw-p 00000000 00:00 0 
7fbf77e3a000-7fbf77e3d000 ---p 00000000 00:00 0 
7fbf77e3d000-7fbf7813b000 rw-p 00000000 00:00 0 
7fbf7813b000-7fbf7833b000 rw-p 00000000 00:00 0 
7fbf7833b000-7fbf7833e000 ---p 00000000 00:00 0 
7fbf7833e000-7fbf7843c000 rw-p 00000000 00:00 0 
7fbf7843c000-7fbf78457000 r--s 00394000 08:02 30934368                   /home/kunjan/Documents/android-studio/jre/jre/lib/ext/cldrdata.jar
7fbf78457000-7fbf7845a000 ---p 00000000 00:00 0 
7fbf7845a000-7fbf78558000 rw-p 00000000 00:00 0 
7fbf78558000-7fbf7855b000 ---p 00000000 00:00 0 
7fbf7855b000-7fbf78659000 rw-p 00000000 00:00 0 
7fbf78659000-7fbf7865c000 ---p 00000000 00:00 0 
7fbf7865c000-7fbf78692000 rw-p 00000000 00:00 0 
7fbf78692000-7fbf78695000 ---p 00000000 00:00 0 
7fbf78695000-7fbf78793000 rw-p 00000000 00:00 0 
7fbf78793000-7fbf78796000 ---p 00000000 00:00 0 
7fbf78796000-7fbf78894000 rw-p 00000000 00:00 0 
7fbf78894000-7fbf78897000 ---p 00000000 00:00 0 
7fbf78897000-7fbf78995000 rw-p 00000000 00:00 0 
7fbf78995000-7fbf78998000 ---p 00000000 00:00 0 
7fbf78998000-7fbf78a96000 rw-p 00000000 00:00 0 
7fbf78a96000-7fbf78a99000 ---p 00000000 00:00 0 
7fbf78a99000-7fbf78acf000 rw-p 00000000 00:00 0 
7fbf78acf000-7fbf78ad2000 ---p 00000000 00:00 0 
7fbf78ad2000-7fbf78bd0000 rw-p 00000000 00:00 0 
7fbf78bd0000-7fbf78bd3000 ---p 00000000 00:00 0 
7fbf78bd3000-7fbf78ed1000 rw-p 00000000 00:00 0 
7fbf78ed1000-7fbf790d1000 rw-p 00000000 00:00 0 
7fbf790d1000-7fbf792d1000 rw-p 00000000 00:00 0 
7fbf792d1000-7fbf792d4000 ---p 00000000 00:00 0 
7fbf792d4000-7fbf793d2000 rw-p 00000000 00:00 0 
7fbf793d2000-7fbf793d5000 ---p 00000000 00:00 0 
7fbf793d5000-7fbf796d3000 rw-p 00000000 00:00 0 
7fbf796d3000-7fbf798d3000 rw-p 00000000 00:00 0 
7fbf798d3000-7fbf798d6000 ---p 00000000 00:00 0 
7fbf798d6000-7fbf79bd4000 rw-p 00000000 00:00 0 
7fbf79bd4000-7fbf79bd7000 ---p 00000000 00:00 0 
7fbf79bd7000-7fbf79ed5000 rw-p 00000000 00:00 0 
7fbf79ed5000-7fbf79eec000 r-xp 00000000 08:01 2102254                    /lib/x86_64-linux-gnu/libresolv-2.19.so
7fbf79eec000-7fbf7a0ec000 ---p 00017000 08:01 2102254                    /lib/x86_64-linux-gnu/libresolv-2.19.so
7fbf7a0ec000-7fbf7a0ed000 r--p 00017000 08:01 2102254                    /lib/x86_64-linux-gnu/libresolv-2.19.so
7fbf7a0ed000-7fbf7a0ee000 rw-p 00018000 08:01 2102254                    /lib/x86_64-linux-gnu/libresolv-2.19.so
7fbf7a0ee000-7fbf7a0f0000 rw-p 00000000 00:00 0 
7fbf7a0f0000-7fbf7a0f5000 r-xp 00000000 08:01 2102272                    /lib/x86_64-linux-gnu/libnss_dns-2.19.so
7fbf7a0f5000-7fbf7a2f4000 ---p 00005000 08:01 2102272                    /lib/x86_64-linux-gnu/libnss_dns-2.19.so
7fbf7a2f4000-7fbf7a2f5000 r--p 00004000 08:01 2102272                    /lib/x86_64-linux-gnu/libnss_dns-2.19.so
7fbf7a2f5000-7fbf7a2f6000 rw-p 00005000 08:01 2102272                    /lib/x86_64-linux-gnu/libnss_dns-2.19.so
7fbf7a2f6000-7fbf7a2f8000 r-xp 00000000 08:01 2101771                    /lib/x86_64-linux-gnu/libnss_mdns4_minimal.so.2
7fbf7a2f8000-7fbf7a4f7000 ---p 00002000 08:01 2101771                    /lib/x86_64-linux-gnu/libnss_mdns4_minimal.so.2
7fbf7a4f7000-7fbf7a4f8000 r--p 00001000 08:01 2101771                    /lib/x86_64-linux-gnu/libnss_mdns4_minimal.so.2
7fbf7a4f8000-7fbf7a4f9000 rw-p 00002000 08:01 2101771                    /lib/x86_64-linux-gnu/libnss_mdns4_minimal.so.2
7fbf7a4f9000-7fbf7a6f9000 rw-p 00000000 00:00 0 
7fbf7a6f9000-7fbf7a6fc000 ---p 00000000 00:00 0 
7fbf7a6fc000-7fbf7a7fa000 rw-p 00000000 00:00 0 
7fbf7a7fa000-7fbf7a7fd000 ---p 00000000 00:00 0 
7fbf7a7fd000-7fbf7a8fb000 rw-p 00000000 00:00 0 
7fbf7a8fb000-7fbf7a8fe000 ---p 00000000 00:00 0 
7fbf7a8fe000-7fbf7a9fc000 rw-p 00000000 00:00 0 
7fbf7a9fc000-7fbf7a9ff000 ---p 00000000 00:00 0 
7fbf7a9ff000-7fbf7acfd000 rw-p 00000000 00:00 0 
7fbf7acfd000-7fbf7ad00000 ---p 00000000 00:00 0 
7fbf7ad00000-7fbf7adfe000 rw-p 00000000 00:00 0 
7fbf7adfe000-7fbf7ae01000 ---p 00000000 00:00 0 
7fbf7ae01000-7fbf7b0ff000 rw-p 00000000 00:00 0 
7fbf7b0ff000-7fbf7b102000 ---p 00000000 00:00 0 
7fbf7b102000-7fbf7b400000 rw-p 00000000 00:00 0 
7fbf7b400000-7fbf7b600000 rw-p 00000000 00:00 0 
7fbf7b600000-7fbf7b800000 rw-p 00000000 00:00 0 
7fbf7b800000-7fbf7ba00000 rw-p 00000000 00:00 0 
7fbf7ba00000-7fbf7bc00000 rw-p 00000000 00:00 0 
7fbf7bc00000-7fbf7be00000 rw-p 00000000 00:00 0 
7fbf7be00000-7fbf7c000000 rw-p 00000000 00:00 0 
7fbf7c000000-7fbf7c03c000 rw-p 00000000 00:00 0 
7fbf7c03c000-7fbf80000000 ---p 00000000 00:00 0 
7fbf80000000-7fbf802c0000 rw-p 00000000 00:00 0 
7fbf802c0000-7fbf84000000 ---p 00000000 00:00 0 
7fbf84000000-7fbf84021000 rw-p 00000000 00:00 0 
7fbf84021000-7fbf88000000 ---p 00000000 00:00 0 
7fbf88000000-7fbf88021000 rw-p 00000000 00:00 0 
7fbf88021000-7fbf8c000000 ---p 00000000 00:00 0 
7fbf8c000000-7fbf8c021000 rw-p 00000000 00:00 0 
7fbf8c021000-7fbf90000000 ---p 00000000 00:00 0 
7fbf90000000-7fbf90021000 rw-p 00000000 00:00 0 
7fbf90021000-7fbf94000000 ---p 00000000 00:00 0 
7fbf94000000-7fbf940bf000 rw-p 00000000 00:00 0 
7fbf940bf000-7fbf98000000 ---p 00000000 00:00 0 
7fbf98000000-7fbf98021000 rw-p 00000000 00:00 0 
7fbf98021000-7fbf9c000000 ---p 00000000 00:00 0 
7fbf9c000000-7fbf9c501000 rw-p 00000000 00:00 0 
7fbf9c501000-7fbfa0000000 ---p 00000000 00:00 0 
7fbfa0000000-7fbfa00ec000 rw-p 00000000 00:00 0 
7fbfa00ec000-7fbfa4000000 ---p 00000000 00:00 0 
7fbfa4000000-7fbfa62e9000 rw-p 00000000 00:00 0 
7fbfa62e9000-7fbfa8000000 ---p 00000000 00:00 0 
7fbfa8000000-7fbfa82c2000 rw-p 00000000 00:00 0 
7fbfa82c2000-7fbfac000000 ---p 00000000 00:00 0 
7fbfac000000-7fbfac031000 rw-p 00000000 00:00 0 
7fbfac031000-7fbfb0000000 ---p 00000000 00:00 0 
7fbfb0000000-7fbfb01d9000 rw-p 00000000 00:00 0 
7fbfb01d9000-7fbfb4000000 ---p 00000000 00:00 0 
7fbfb4000000-7fbfb4bac000 rw-p 00000000 00:00 0 
7fbfb4bac000-7fbfb8000000 ---p 00000000 00:00 0 
7fbfb8000000-7fbfb8021000 rw-p 00000000 00:00 0 
7fbfb8021000-7fbfbc000000 ---p 00000000 00:00 0 
7fbfbc000000-7fbfbc05b000 rw-p 00000000 00:00 0 
7fbfbc05b000-7fbfc0000000 ---p 00000000 00:00 0 
7fbfc0007000-7fbfc0011000 r--s 00116000 08:02 30934360                   /home/kunjan/Documents/android-studio/jre/jre/lib/ext/localedata.jar
7fbfc0018000-7fbfc001a000 rw-p 00000000 00:00 0 
7fbfc001a000-7fbfc001d000 ---p 00000000 00:00 0 
7fbfc001d000-7fbfc0053000 rw-p 00000000 00:00 0 
7fbfc0053000-7fbfc0058000 r--s 0003b000 08:02 30934361                   /home/kunjan/Documents/android-studio/jre/jre/lib/ext/sunjce_provider.jar
7fbfc0058000-7fbfc008a000 r-xp 00000000 08:02 30934398                   /home/kunjan/Documents/android-studio/jre/jre/lib/amd64/libsunec.so
7fbfc008a000-7fbfc0090000 rw-p 00031000 08:02 30934398                   /home/kunjan/Documents/android-studio/jre/jre/lib/amd64/libsunec.so
7fbfc0090000-7fbfc00a2000 rw-p 00000000 00:00 0 
7fbfc00a2000-7fbfc00a4000 r--s 00008000 08:02 30934365                   /home/kunjan/Documents/android-studio/jre/jre/lib/ext/sunec.jar
7fbfc00a4000-7fbfc00a8000 r--s 00037000 08:02 30934363                   /home/kunjan/Documents/android-studio/jre/jre/lib/ext/sunpkcs11.jar
7fbfc00a8000-7fbfc00bb000 r--s 00345000 08:02 30934338                   /home/kunjan/Documents/android-studio/jre/jre/lib/resources.jar
7fbfc00bb000-7fbfc02bb000 rw-p 00000000 00:00 0 
7fbfc02bb000-7fbfc02be000 r--s 00015000 08:02 30934438                   /home/kunjan/Documents/android-studio/jre/jre/lib/jce.jar
7fbfc02be000-7fbfc04be000 rw-p 00000000 00:00 0 
7fbfc04be000-7fbfc04c1000 ---p 00000000 00:00 0 
7fbfc04c1000-7fbfc07bf000 rw-p 00000000 00:00 0 
7fbfc07bf000-7fbfc07c2000 ---p 00000000 00:00 0 
7fbfc07c2000-7fbfc0ac0000 rw-p 00000000 00:00 0 
7fbfc0ac0000-7fbfc0ac1000 r--s 00005000 08:02 14025600                   /home/kunjan/.gradle/caches/modules-2/files-2.1/com.sun.istack/istack-commons-runtime/2.21/c969d8f15c467f0ef7d7b04889afbe7b5d48e22f/istack-commons-runtime-2.21.jar
7fbfc0ac1000-7fbfc0ac3000 r--s 0000f000 08:02 14025604                   /home/kunjan/.gradle/caches/modules-2/files-2.1/org.glassfish.jaxb/txw2/2.2.11/2df047d8c187a62f2177bf6013f1f9786cdfc8a2/txw2-2.2.11.jar
7fbfc0ac3000-7fbfc0ac6000 r--s 00016000 08:02 14025596                   /home/kunjan/.gradle/caches/modules-2/files-2.1/javax.xml.bind/jaxb-api/2.2.12-b140109.1041/7ed0e0d01198614194d56dfb03d9d95aa311824c/jaxb-api-2.2.12-b140109.1041.jar
7fbfc0ac6000-7fbfc0acb000 r--s 00044000 08:02 14025590                   /home/kunjan/.gradle/caches/modules-2/files-2.1/com.sun.xml.fastinfoset/FastInfoset/1.2.13/98f56b9354e27bd2941cc5d461344e240ae51ae/FastInfoset-1.2.13.jar
7fbfc0acb000-7fbfc0acd000 r--s 00007000 08:02 14025594                   /home/kunjan/.gradle/caches/modules-2/files-2.1/org.jvnet.staxex/stax-ex/1.7.7/18bed5a0da27a6b43efe01282f2dc911b1cb3a72/stax-ex-1.7.7.jar
7fbfc0acd000-7fbfc0ad2000 r--s 00021000 08:02 14025588                   /home/kunjan/.gradle/caches/modules-2/files-2.1/org.glassfish.jaxb/jaxb-core/2.2.11/f5745049f5fb9cb9d9b5f513c207727f475983e9/jaxb-core-2.2.11.jar
7fbfc0ad2000-7fbfc0ae3000 r--s 000eb000 08:02 14025592                   /home/kunjan/.gradle/caches/modules-2/files-2.1/org.glassfish.jaxb/jaxb-runtime/2.2.11/65510afc78679e347b0d774617a97fedac94f8/jaxb-runtime-2.2.11.jar
7fbfc0ae3000-7fbfc0ae6000 r--s 00011000 08:02 14025586                   /home/kunjan/.gradle/caches/modules-2/files-2.1/com.sun.activation/javax.activation/1.2.0/bf744c1e2776ed1de3c55c8dac1057ec331ef744/javax.activation-1.2.0.jar
7fbfc0ae6000-7fbfc0ae8000 r--s 00003000 08:02 14025584                   /home/kunjan/.gradle/caches/modules-2/files-2.1/org.jetbrains/annotations/13.0/919f0dfe192fb4e063e7dacadee7f8bb9a2672a9/annotations-13.0.jar
7fbfc0ae8000-7fbfc0aef000 r--s 0001f000 08:02 15204493                   /home/kunjan/.gradle/caches/modules-2/files-2.1/org.jetbrains.kotlin/kotlin-stdlib-common/1.3.21/f30e4a9897913e53d778f564110bafa1fef46643/kotlin-stdlib-common-1.3.21.jar
7fbfc0aef000-7fbfc0af6000 r--s 0003f000 08:02 14024941                   /home/kunjan/.gradle/caches/modules-2/files-2.1/commons-codec/commons-codec/1.10/4b95f4897fa13f2cd904aee711aeafc0c5295cd8/commons-codec-1.10.jar
7fbfc0af6000-7fbfc0af8000 r--s 0000e000 08:02 14025582                   /home/kunjan/.gradle/caches/modules-2/files-2.1/commons-logging/commons-logging/1.2/4bfc12adfe4842bf07b657f0369c4cb522955686/commons-logging-1.2.jar
7fbfc0af8000-7fbfc0af9000 r--s 00000000 08:02 14025602                   /home/kunjan/.gradle/caches/modules-2/files-2.1/org.codehaus.mojo/animal-sniffer-annotations/1.14/775b7e22fb10026eed3f86e8dc556dfafe35f2d5/animal-sniffer-annotations-1.14.jar
7fbfc0af9000-7fbfc0afb000 r--s 00001000 08:02 14025598                   /home/kunjan/.gradle/caches/modules-2/files-2.1/com.google.j2objc/j2objc-annotations/1.1/976d8d30bebc251db406f2bdb3eb01962b5685b3/j2objc-annotations-1.1.jar
7fbfc0afb000-7fbfc0b05000 r--s 00026000 08:02 14811149                   /home/kunjan/.gradle/caches/modules-2/files-2.1/org.checkerframework/checker-qual/2.5.2/cea74543d5904a30861a61b4643a5f2bb372efc4/checker-qual-2.5.2.jar
7fbfc0b05000-7fbfc0b06000 r--s 0000a000 08:02 14025578                   /home/kunjan/.gradle/caches/modules-2/files-2.1/net.sf.kxml/kxml2/2.3.0/ccbc77a5fd907ef863c29f3596c6f54ffa4e9442/kxml2-2.3.0.jar
7fbfc0b06000-7fbfc0b0f000 r--s 00064000 08:02 14025570                   /home/kunjan/.gradle/caches/modules-2/files-2.1/org.apache.commons/commons-compress/1.12/84caa68576e345eb5e7ae61a0e5a9229eb100d7b/commons-compress-1.12.jar
7fbfc0b0f000-7fbfc0b19000 r--s 000ab000 08:02 15996577                   /home/kunjan/.gradle/caches/modules-2/files-2.1/org.javassist/javassist/3.22.0-GA/3e83394258ae2089be7219b971ec21a8288528ad/javassist-3.22.0-GA.jar
7fbfc0b19000-7fbfc0b1a000 r--s 00000000 08:02 15338650                   /home/kunjan/.gradle/caches/modules-2/files-2.1/io.realm/realm-annotations/4.3.1/2728e294949bdd4ff7ff712680c1efdd25310d1b/realm-annotations-4.3.1.jar
7fbfc0b1a000-7fbfc0b1c000 r--s 00003000 08:02 14025740                   /home/kunjan/.gradle/caches/modules-2/files-2.1/com.google.code.findbugs/jsr305/3.0.2/25ea2e8b0c338a877313bd4672d3fe056ea78f0d/jsr305-3.0.2.jar
7fbfc0b1c000-7fbfc0b22000 r--s 00045000 08:02 14025574                   /home/kunjan/.gradle/caches/modules-2/files-2.1/org.jdom/jdom2/2.0.6/6f14738ec2e9dd0011e343717fa624a10f8aab64/jdom2-2.0.6.jar
7fbfc0b22000-7fbfc0b24000 r--s 00002000 08:02 14025564                   /home/kunjan/.gradle/caches/modules-2/files-2.1/com.google.errorprone/error_prone_annotations/2.2.0/88e3c593e9b3586e1c6177f89267da6fc6986f0c/error_prone_annotations-2.2.0.jar
7fbfc0b24000-7fbfc0b43000 r--s 0016b000 08:02 14025566                   /home/kunjan/.gradle/caches/modules-2/files-2.1/com.google.auto.value/auto-value/1.5.2/1b94ab7ec707e2220a0d1a7517488d1843236345/auto-value-1.5.2.jar
7fbfc0b43000-7fbfc0b58000 r--s 00123000 08:02 14025562                   /home/kunjan/.gradle/caches/modules-2/files-2.1/net.sf.proguard/proguard-base/6.0.3/7135739d2d3834964c543ed21e2936ce34747aca/proguard-base-6.0.3.jar
7fbfc0b58000-7fbfc0b6b000 r--s 0010f000 08:02 14025618                   /home/kunjan/.gradle/caches/modules-2/files-2.1/org.jetbrains.kotlin/kotlin-stdlib/1.3.21/4bcc2012b84840e19e1e28074284cac908be0295/kotlin-stdlib-1.3.21.jar
7fbfc0b6b000-7fbfc0b6c000 r--s 00000000 08:02 15204372                   /home/kunjan/.gradle/caches/modules-2/files-2.1/org.jetbrains.kotlin/kotlin-stdlib-jdk7/1.3.21/d207ce2c9bcf17dc8e51bab4dbfdac4d013e7138/kotlin-stdlib-jdk7-1.3.21.jar
7fbfc0b6c000-7fbfc0b6e000 r--s 00015000 08:02 14025556                   /home/kunjan/.gradle/caches/modules-2/files-2.1/com.squareup/javapoet/1.8.0/e858dc62ef484048540d27d36f3ec2177a3fa9b1/javapoet-1.8.0.jar
7fbfc0b6e000-7fbfc0b71000 r--s 00033000 08:02 14025552                   /home/kunjan/.gradle/caches/modules-2/files-2.1/com.googlecode.juniversalchardet/juniversalchardet/1.0.3/cd49678784c46aa8789c060538e0154013bb421b/juniversalchardet-1.0.3.jar
7fbfc0b71000-7fbfc0b75000 r--s 0002a000 08:02 14025560                   /home/kunjan/.gradle/caches/modules-2/files-2.1/commons-io/commons-io/2.4/b1b6ea3b7e4aa4f492509a4952029cd8e48019ad/commons-io-2.4.jar
7fbfc0b75000-7fbfc0b8c000 r--s 00154000 08:02 14025550                   /home/kunjan/.gradle/caches/modules-2/files-2.1/org.antlr/antlr4/4.5.3/f35db7e4b2446e4174ba6a73db7bd6b3e6bb5da1/antlr4-4.5.3.jar
7fbfc0b8c000-7fbfc0b8d000 r--s 00003000 08:02 14025384                   /home/kunjan/.gradle/caches/modules-2/files-2.1/com.android.databinding/baseLibrary/3.4.0/767805331463128dfb118a15813e6ff65290dda6/baseLibrary-3.4.0.jar
7fbfc0b8d000-7fbfc0b8e000 r--s 00003000 08:02 6040011                    /home/kunjan/.gradle/caches/modules-2/files-2.1/androidx.databinding/databinding-common/3.4.0/265b8ca5d867c32dd0b9032bd7e7bf49a1af199/databinding-common-3.4.0.jar
7fbfc0b8e000-7fbfc0bc5000 r--s 00255000 08:02 7209262                    /home/kunjan/.gradle/caches/modules-2/files-2.1/org.jetbrains.kotlin/kotlin-reflect/1.3.21/d0d5ff2ac2ebd8a42697af41e20fc225a23c5d3b/kotlin-reflect-1.3.21.jar
7fbfc0bc5000-7fbfc0bcc000 r--s 00049000 08:02 14025392                   /home/kunjan/.gradle/caches/modules-2/files-2.1/org.apache.httpcomponents/httpcore/4.4.10/acc54d9b28bdffe4bbde89ed2e4a1e86b5285e2b/httpcore-4.4.10.jar
7fbfc0bcc000-7fbfc0bd9000 r--s 000af000 08:02 14025395                   /home/kunjan/.gradle/caches/modules-2/files-2.1/org.apache.httpcomponents/httpclient/4.5.6/1afe5621985efe90a92d0fbc9be86271efbe796f/httpclient-4.5.6.jar
7fbfc0bd9000-7fbfc0bdb000 r--s 00009000 08:02 14025381                   /home/kunjan/.gradle/caches/modules-2/files-2.1/org.apache.httpcomponents/httpmime/4.5.6/164343da11db817e81e24e0d9869527e069850c9/httpmime-4.5.6.jar
7fbfc0bdb000-7fbfc0be0000 r--s 00034000 08:02 14025538                   /home/kunjan/.gradle/caches/modules-2/files-2.1/com.google.code.gson/gson/2.8.0/c4ba5371a29ac9b2ad6129b1d39ea38750043eff/gson-2.8.0.jar
7fbfc0be0000-7fbfc0c12000 r--s 0026c000 08:02 14287629                   /home/kunjan/.gradle/caches/modules-2/files-2.1/com.google.guava/guava/26.0-jre/6a806eff209f36f635f943e16d97491f00f6bfab/guava-26.0-jre.jar
7fbfc0c12000-7fbfc0c16000 r--s 0002f000 08:02 14025534                   /home/kunjan/.gradle/caches/modules-2/files-2.1/com.google.jimfs/jimfs/1.1/8fbd0579dc68aba6186935cc1bee21d2f3e7ec1c/jimfs-1.1.jar
7fbfc0c16000-7fbfc0c18000 r--s 00001000 08:02 14025379                   /home/kunjan/.gradle/caches/modules-2/files-2.1/com.android.tools/annotations/26.4.0/99ccefd34e8488ece2098165d0ae1eedb6491797/annotations-26.4.0.jar
7fbfc0c18000-7fbfc0c19000 r--s 00003000 08:02 13633917                   /home/kunjan/.gradle/caches/modules-2/files-2.1/com.googlecode.json-simple/json-simple/1.1/5e303a03d04e6788dddfa3655272580ae0fc13bb/json-simple-1.1.jar
7fbfc0c19000-7fbfc0d3e000 r--s 00f5d000 08:02 12192372                   /home/kunjan/.gradle/caches/modules-2/files-2.1/it.unimi.dsi/fastutil/7.2.0/5ad3a2bb04143f70aa0765fc29fc29571a7d6b34/fastutil-7.2.0.jar
7fbfc0d3e000-7fbfc0d3f000 r--s 00000000 08:02 14025572                   /home/kunjan/.gradle/caches/modules-2/files-2.1/javax.inject/javax.inject/1/6975da39a7040257bd51d21a231b76c915872d38/javax.inject-1.jar
7fbfc0d3f000-7fbfc0d8a000 r--s 002ff000 08:02 11670432                   /home/kunjan/.gradle/caches/modules-2/files-2.1/org.bouncycastle/bcprov-jdk15on/1.56/a153c6f9744a3e9dd6feab5e210e1c9861362ec7/bcprov-jdk15on-1.56.jar
7fbfc0d8a000-7fbfc0d9b000 r--s 00097000 08:02 11798515                   /home/kunjan/.gradle/caches/modules-2/files-2.1/org.bouncycastle/bcpkix-jdk15on/1.56/4648af70268b6fdb24674fb1fd7c1fcc73db1231/bcpkix-jdk15on-1.56.jar
7fbfc0d9b000-7fbfc0d9d000 r--s 00002000 08:02 11416561                   /home/kunjan/.gradle/caches/modules-2/files-2.1/com.squareup/javawriter/2.5.0/81241ff7078ef14f42ea2a8995fa09c096256e6b/javawriter-2.5.0.jar
7fbfc0d9d000-7fbfc0da2000 r--s 0003f000 08:02 12845370                   /home/kunjan/.gradle/caches/modules-2/files-2.1/com.android.tools.build/apksig/3.4.0/5f67d13c63f838b3add79f01e7bb7ffe0e1c2e66/apksig-3.4.0.jar
7fbfc0da2000-7fbfc0da7000 r--s 0002a000 08:02 13500664                   /home/kunjan/.gradle/caches/modules-2/files-2.1/com.android.tools.build/apkzlib/3.4.0/3cd3ade50ba5b812f77e24cb24e5fa9c567cf156/apkzlib-3.4.0.jar
7fbfc0da7000-7fbfc0daa000 r--s 00008000 08:02 10750427                   /home/kunjan/.gradle/caches/modules-2/files-2.1/com.android.tools.build/builder-model/3.4.0/768154ff0029313694e6b7d1576ef79dfe7e2b7e/builder-model-3.4.0.jar
7fbfc0daa000-7fbfc0dab000 r--s 00004000 08:02 15734977                   /home/kunjan/.gradle/caches/modules-2/files-2.1/com.neenbedankt.gradle.plugins/android-apt/1.8/d3c508f0ea2b2bb93c2816a83351090dd662eaac/android-apt-1.8.jar
7fbfc0dab000-7fbfc0dba000 r--s 00143000 08:02 14025568                   /home/kunjan/.gradle/caches/modules-2/files-2.1/com.google.protobuf/protobuf-java/3.4.0/b32aba0cbe737a4ca953f71688725972e3ee927c/protobuf-java-3.4.0.jar
7fbfc0dba000-7fbfc0dc0000 r--s 0008b000 08:02 13504747                   /home/kunjan/.gradle/caches/modules-2/files-2.1/com.android.tools.build/aapt2-proto/0.3.1/8311800abb3dcd84426a0de834a6b884a173d864/aapt2-proto-0.3.1.jar
7fbfc0dc0000-7fbfc0de1000 r--s 002f8000 08:02 9568725                    /home/kunjan/.gradle/caches/modules-2/files-2.1/com.android.tools.analytics-library/protos/26.4.0/850cd51c9aa8ab2e39a2a0cb8d7e90282d4d18db/protos-26.4.0.jar
7fbfc0de1000-7fbfc0de3000 r--s 0000f000 08:02 14025546                   /home/kunjan/.gradle/caches/modules-2/files-2.1/com.google.protobuf/protobuf-java-util/3.4.0/96aba8ab71c16018c6adf66771ce15c6491bc0fe/protobuf-java-util-3.4.0.jar
7fbfc0de3000-7fbfc0de5000 r--s 0001d000 08:02 9568723                    /home/kunjan/.gradle/caches/modules-2/files-2.1/com.android.tools.build.jetifier/jetifier-core/1.0.0-beta04/92ae18564fc833685f30f5a20297dd32349a9f6e/jetifier-core-1.0.0-beta04.jar
7fbfc0de5000-7fbfc0e33000 r--s 00481000 08:02 9568727                    /home/kunjan/.gradle/caches/modules-2/files-2.1/com.android.tools.build/bundletool/0.7.2/31f71b66edcbe41de0268e14c961a7799a03d42a/bundletool-0.7.2.jar
7fbfc0e33000-7fbfc0e34000 r--s 00003000 08:02 7868936                    /home/kunjan/.gradle/caches/modules-2/files-2.1/net.sf.proguard/proguard-gradle/6.0.3/e5becf2356695a396b788110e386c38bad523bfc/proguard-gradle-6.0.3.jar
7fbfc0e34000-7fbfc0e36000 r--s 0000f000 08:02 8000746                    /home/kunjan/.gradle/caches/modules-2/files-2.1/net.sf.jopt-simple/jopt-simple/4.9/ee9e9eaa0a35360dcfeac129ff4923215fd65904/jopt-simple-4.9.jar
7fbfc0e36000-7fbfc0e38000 r--s 00016000 08:02 6172218                    /home/kunjan/.gradle/caches/modules-2/files-2.1/org.ow2.asm/asm/6.0/bc6fa6b19424bb9592fe43bbc20178f92d403105/asm-6.0.jar
7fbfc0e38000-7fbfc0e3a000 r--s 0000a000 08:02 12588876                   /home/kunjan/.gradle/caches/modules-2/files-2.1/org.ow2.asm/asm-tree/6.0/a624f1a6e4e428dcd680a01bab2d4c56b35b18f0/asm-tree-6.0.jar
7fbfc0e3a000-7fbfc0e3c000 r--s 00010000 08:02 7735251                    /home/kunjan/.gradle/caches/modules-2/files-2.1/org.ow2.asm/asm-util/6.0/430b2fc839b5de1f3643b528853d5cf26096c1de/asm-util-6.0.jar
7fbfc0e3c000-7fbfc0e3d000 r--s 00012000 08:02 7608057                    /home/kunjan/.gradle/caches/modules-2/files-2.1/org.ow2.asm/asm-commons/6.0/f256fd215d8dd5a4fa2ab3201bf653de266ed4ec/asm-commons-6.0.jar
7fbfc0e3d000-7fbfc0e3e000 r--s 00007000 08:02 7079679                    /home/kunjan/.gradle/caches/modules-2/files-2.1/org.ow2.asm/asm-analysis/6.0/dd1cc1381a970800268160203aae2d3784da779b/asm-analysis-6.0.jar
7fbfc0e3e000-7fbfc0e42000 r--s 00021000 08:02 9568721                    /home/kunjan/.gradle/caches/modules-2/files-2.1/com.android.tools.build.jetifier/jetifier-processor/1.0.0-beta04/8ed1fee7b1d03709dd8bd0224f21ef243e5c4a4c/jetifier-processor-1.0.0-beta04.jar
7fbfc0e42000-7fbfc0e43000 r--s 00000000 08:02 6039357                    /home/kunjan/.gradle/caches/modules-2/files-2.1/com.android.tools.build/transform-api/2.0.0-deprecated-use-gradle-api/85bee1acea9e27152b920746c68133b30b11431/transform-api-2.0.0-deprecated-use-gradle-api.jar
7fbfc0e43000-7fbfc0e45000 r--s 00002000 08:02 14025612                   /home/kunjan/.gradle/caches/modules-2/files-2.1/org.jetbrains.kotlin/kotlin-stdlib-jdk8/1.3.21/d0634d54452abc421db494ad32dd215e6591c49f/kotlin-stdlib-jdk8-1.3.21.jar
7fbfc0e45000-7fbfc0e49000 r--s 00032000 08:02 14025375                   /home/kunjan/.gradle/caches/modules-2/files-2.1/com.android.tools/common/26.4.0/539939e284fba9fe343b890a6e21c9333767c886/common-26.4.0.jar
7fbfc0e49000-7fbfc0e4f000 r--s 00032000 08:02 14025377                   /home/kunjan/.gradle/caches/modules-2/files-2.1/com.android.tools/repository/26.4.0/d91be89a520ae1e1d0abcc41e87afa5f905a8dad/repository-26.4.0.jar
7fbfc0e4f000-7fbfc0e52000 r--s 00019000 08:02 14025371                   /home/kunjan/.gradle/caches/modules-2/files-2.1/com.android.tools.layoutlib/layoutlib-api/26.4.0/c76e05e0c19ae0f5fffe2dcc190bd5a0aa7b546b/layoutlib-api-26.4.0.jar
7fbfc0e52000-7fbfc0e6b000 r--s 0013f000 08:02 11010160                   /home/kunjan/.gradle/caches/modules-2/files-2.1/com.android.tools/sdk-common/26.4.0/7cda5b1442edfbd2f81c0b525f80d72ef960bc07/sdk-common-26.4.0.jar
7fbfc0e6b000-7fbfc1079000 r--s 01b8a000 08:02 9568731                    /home/kunjan/.gradle/caches/modules-2/files-2.1/com.android.tools.build/builder/3.4.0/b237d03672bae54a1013deab3bbd936d78f07e79/builder-3.4.0.jar
7fbfc1079000-7fbfc1132000 r--s 00832000 08:02 10616840                   /home/kunjan/.gradle/caches/modules-2/files-2.1/io.fabric.tools/gradle/1.28.1/8e2144371b19acac84fc078122c6e82f4b34029c/gradle-1.28.1.jar
7fbfc1132000-7fbfc116f000 r--s 00380000 08:02 9568719                    /home/kunjan/.gradle/caches/modules-2/files-2.1/com.android.tools.build/gradle/3.4.0/16af40a504b8f8ff572c8c2bbf4ace3dccd2f5b/gradle-3.4.0.jar
7fbfc116f000-7fbfc1172000 ---p 00000000 00:00 0 
7fbfc1172000-7fbfc1270000 rw-p 00000000 00:00 0 
7fbfc1270000-7fbfc1273000 ---p 00000000 00:00 0 
7fbfc1273000-7fbfc1371000 rw-p 00000000 00:00 0 
7fbfc1371000-7fbfc1374000 ---p 00000000 00:00 0 
7fbfc1374000-7fbfc1472000 rw-p 00000000 00:00 0 
7fbfc1472000-7fbfc1475000 ---p 00000000 00:00 0 
7fbfc1475000-7fbfc1769000 rw-p 00000000 00:00 0 
7fbfc1769000-7fbfc1773000 ---p 00000000 00:00 0 
7fbfc1773000-7fbfc1973000 rw-p 00000000 00:00 0 
7fbfc1973000-7fbfc1976000 ---p 00000000 00:00 0 
7fbfc1976000-7fbfc1a74000 rw-p 00000000 00:00 0 
7fbfc1a74000-7fbfc1a77000 ---p 00000000 00:00 0 
7fbfc1a77000-7fbfc1b75000 rw-p 00000000 00:00 0 
7fbfc1b75000-7fbfc1b78000 ---p 00000000 00:00 0 
7fbfc1b78000-7fbfc1e76000 rw-p 00000000 00:00 0 
7fbfc1e76000-7fbfc2076000 rw-p 00000000 00:00 0 
7fbfc2076000-7fbfc2276000 rw-p 00000000 00:00 0 
7fbfc2276000-7fbfc2476000 rw-p 00000000 00:00 0 
7fbfc2476000-7fbfc2478000 r--s 00006000 08:02 14025373                   /home/kunjan/.gradle/caches/modules-2/files-2.1/com.android.tools/dvlib/26.4.0/48ac12dd54ff16487d3553861e108d9e38d5b2f7/dvlib-26.4.0.jar
7fbfc2478000-7fbfc2483000 r--s 0009f000 08:02 10750425                   /home/kunjan/.gradle/caches/modules-2/files-2.1/com.android.tools/sdklib/26.4.0/2249d66f8d8392630a03f59e23f0eef871f795a5/sdklib-26.4.0.jar
7fbfc2483000-7fbfc2489000 r--s 00051000 08:02 11143791                   /home/kunjan/.gradle/caches/modules-2/files-2.1/com.android.tools.ddms/ddmlib/26.4.0/889c2419aefceeb31749d49615eb64e798747458/ddmlib-26.4.0.jar
7fbfc2489000-7fbfc248a000 r--s 00003000 08:02 10622790                   /home/kunjan/.gradle/caches/modules-2/files-2.1/com.android.tools.build/builder-test-api/3.4.0/c7b44da938640cb249dcc719ede09c2e9896711d/builder-test-api-3.4.0.jar
7fbfc248a000-7fbfc248e000 r--s 0002c000 08:02 11143789                   /home/kunjan/.gradle/caches/modules-2/files-2.1/com.android.tools.build/manifest-merger/26.4.0/97ad7348b1c018f304378c9b72094fb9cbfe6433/manifest-merger-26.4.0.jar
7fbfc248e000-7fbfc2490000 r--s 00009000 08:02 7864327                    /home/kunjan/.gradle/caches/modules-2/files-2.1/com.google.android.gms/strict-version-matcher-plugin/1.1.0/2f2740b60768460c48ee9e504332b68afec006d1/strict-version-matcher-plugin-1.1.0.jar
7fbfc2490000-7fbfc2497000 r--s 00053000 08:02 9568717                    /home/kunjan/.gradle/caches/modules-2/files-2.1/androidx.databinding/databinding-compiler-common/3.4.0/9a080792ea0c78422230c02bc8f457e7a6c19f17/databinding-compiler-common-3.4.0.jar
7fbfc2497000-7fbfc249b000 r--s 00013000 08:02 9568715                    /home/kunjan/.gradle/caches/modules-2/files-2.1/com.android.tools.build/gradle-api/3.4.0/ac85b2c363dbcad0303df561c8c4f99a925c2878/gradle-api-3.4.0.jar
7fbfc249b000-7fbfc249c000 r--s 00004000 08:02 10486938                   /home/kunjan/.gradle/caches/modules-2/files-2.1/com.android.tools.lint/lint-gradle-api/26.4.0/931c6d23146c4d8286aa814eb8d5d8af9b69af11/lint-gradle-api-26.4.0.jar
7fbfc249c000-7fbfc249d000 r--s 00003000 08:02 9568713                    /home/kunjan/.gradle/caches/modules-2/files-2.1/com.android.tools.analytics-library/crash/26.4.0/45f30743b0d2fb45f1e1458e56baa104221f5501/crash-26.4.0.jar
7fbfc249d000-7fbfc249f000 r--s 0000b000 08:02 9568729                    /home/kunjan/.gradle/caches/modules-2/files-2.1/com.android.tools.analytics-library/shared/26.4.0/2d083560f501898bcd0c42e704abcfb7746ef20f/shared-26.4.0.jar
7fbfc249f000-7fbfc24a0000 r--s 00008000 08:02 11534609                   /home/kunjan/.gradle/caches/modules-2/files-2.1/com.android.tools.analytics-library/tracker/26.4.0/b3f28a0cfe0b5424e280f97123e4f7d4b7aa2ce9/tracker-26.4.0.jar
7fbfc24a0000-7fbfc24a1000 r--s 00009000 08:02 7733254                    /home/kunjan/.gradle/caches/modules-2/files-2.1/com.google.gms/google-services/4.2.0/4b8cdb1daaed013c1523add39c8158d86e549d6c/google-services-4.2.0.jar
7fbfc24a1000-7fbfc24a3000 r--s 00012000 08:02 15868816                   /home/kunjan/.gradle/caches/modules-2/files-2.1/io.realm/realm-transformer/4.3.1/37459745f980eef18548f2fb1b84dd2b9f6e78b/realm-transformer-4.3.1.jar
7fbfc24a3000-7fbfc24a5000 r--s 00001000 08:02 15207509                   /home/kunjan/.gradle/caches/modules-2/files-2.1/io.realm/realm-gradle-plugin/4.3.1/fe2c0244dfcdd154587f848d507938fb5772ff7c/realm-gradle-plugin-4.3.1.jar
7fbfc24a5000-7fbfc26a5000 rw-p 00000000 00:00 0 
7fbfc26a5000-7fbfc271f000 r--s 010fd000 08:02 30934280                   /home/kunjan/Documents/android-studio/jre/lib/tools.jar
7fbfc271f000-7fbfc291f000 rw-p 00000000 00:00 0 
7fbfc291f000-7fbfc2922000 ---p 00000000 00:00 0 
7fbfc2922000-7fbfc2c20000 rw-p 00000000 00:00 0 
7fbfc2c20000-7fbfc2c23000 ---p 00000000 00:00 0 
7fbfc2c23000-7fbfc2d21000 rw-p 00000000 00:00 0 
7fbfc2d21000-7fbfc2d24000 ---p 00000000 00:00 0 
7fbfc2d24000-7fbfc2e22000 rw-p 00000000 00:00 0 
7fbfc2e22000-7fbfc2e25000 ---p 00000000 00:00 0 
7fbfc2e25000-7fbfc3123000 rw-p 00000000 00:00 0 
7fbfc3123000-7fbfc3126000 ---p 00000000 00:00 0 
7fbfc3126000-7fbfc3224000 rw-p 00000000 00:00 0 
7fbfc3224000-7fbfc3227000 ---p 00000000 00:00 0 
7fbfc3227000-7fbfc3325000 rw-p 00000000 00:00 0 
7fbfc3325000-7fbfc3328000 ---p 00000000 00:00 0 
7fbfc3328000-7fbfc3426000 rw-p 00000000 00:00 0 
7fbfc3426000-7fbfc3429000 ---p 00000000 00:00 0 
7fbfc3429000-7fbfc3527000 rw-p 00000000 00:00 0 
7fbfc3527000-7fbfc352a000 ---p 00000000 00:00 0 
7fbfc352a000-7fbfc3628000 rw-p 00000000 00:00 0 
7fbfc3628000-7fbfc362b000 ---p 00000000 00:00 0 
7fbfc362b000-7fbfc3729000 rw-p 00000000 00:00 0 
7fbfc3729000-7fbfc372c000 ---p 00000000 00:00 0 
7fbfc372c000-7fbfc382a000 rw-p 00000000 00:00 0 
7fbfc382a000-7fbfc382d000 ---p 00000000 00:00 0 
7fbfc382d000-7fbfc392b000 rw-p 00000000 00:00 0 
7fbfc392b000-7fbfc3932000 r--s 00000000 08:01 8658476                    /usr/lib/x86_64-linux-gnu/gconv/gconv-modules.cache
7fbfc3932000-7fbfc3935000 ---p 00000000 00:00 0 
7fbfc3935000-7fbfc3a33000 rw-p 00000000 00:00 0 
7fbfc3a33000-7fbfc3a38000 r--s 0009a000 08:02 30934390                   /home/kunjan/Documents/android-studio/jre/jre/lib/jsse.jar
7fbfc3a38000-7fbfc3c38000 rw-p 00000000 00:00 0 
7fbfc3c38000-7fbfc3c40000 r-xp 00000000 08:02 30934416                   /home/kunjan/Documents/android-studio/jre/jre/lib/amd64/libmanagement.so
7fbfc3c40000-7fbfc3c41000 rw-p 00007000 08:02 30934416                   /home/kunjan/Documents/android-studio/jre/jre/lib/amd64/libmanagement.so
7fbfc3c41000-7fbfc3c44000 r--s 0000e000 08:02 9963381                    /home/kunjan/.gradle/wrapper/dists/gradle-5.1.1-all/97z1ksx6lirer3kbvdnh7jtjg/gradle-5.1.1/lib/plugins/gradle-tooling-api-builders-5.1.1.jar
7fbfc3c44000-7fbfc3c45000 r--s 00005000 08:02 9963402                    /home/kunjan/.gradle/wrapper/dists/gradle-5.1.1-all/97z1ksx6lirer3kbvdnh7jtjg/gradle-5.1.1/lib/plugins/gradle-build-profile-5.1.1.jar
7fbfc3c45000-7fbfc3c47000 r--s 00003000 08:02 9963361                    /home/kunjan/.gradle/wrapper/dists/gradle-5.1.1-all/97z1ksx6lirer3kbvdnh7jtjg/gradle-5.1.1/lib/plugins/gradle-tooling-native-5.1.1.jar
7fbfc3c47000-7fbfc3c4c000 r--s 0001d000 08:02 9963363                    /home/kunjan/.gradle/wrapper/dists/gradle-5.1.1-all/97z1ksx6lirer3kbvdnh7jtjg/gradle-5.1.1/lib/plugins/gradle-testing-native-5.1.1.jar
7fbfc3c4c000-7fbfc3c4e000 r--s 0000f000 08:02 9963460                    /home/kunjan/.gradle/wrapper/dists/gradle-5.1.1-all/97z1ksx6lirer3kbvdnh7jtjg/gradle-5.1.1/lib/plugins/jcommander-1.72.jar
7fbfc3c4e000-7fbfc3c57000 r--s 00089000 08:02 9963436                    /home/kunjan/.gradle/wrapper/dists/gradle-5.1.1-all/97z1ksx6lirer3kbvdnh7jtjg/gradle-5.1.1/lib/plugins/testng-6.3.1.jar
7fbfc3c57000-7fbfc3c5c000 r--s 0005a000 08:02 9963440                    /home/kunjan/.gradle/wrapper/dists/gradle-5.1.1-all/97z1ksx6lirer3kbvdnh7jtjg/gradle-5.1.1/lib/plugins/bsh-2.0b6.jar
7fbfc3c5c000-7fbfc3c60000 r--s 0001c000 08:02 9963382                    /home/kunjan/.gradle/wrapper/dists/gradle-5.1.1-all/97z1ksx6lirer3kbvdnh7jtjg/gradle-5.1.1/lib/plugins/gradle-testing-jvm-5.1.1.jar
7fbfc3c60000-7fbfc3c63000 r--s 00011000 08:02 9963478                    /home/kunjan/.gradle/wrapper/dists/gradle-5.1.1-all/97z1ksx6lirer3kbvdnh7jtjg/gradle-5.1.1/lib/plugins/junit-platform-commons-1.3.1.jar
7fbfc3c63000-7fbfc3c64000 r--s 00001000 08:02 9963480                    /home/kunjan/.gradle/wrapper/dists/gradle-5.1.1-all/97z1ksx6lirer3kbvdnh7jtjg/gradle-5.1.1/lib/plugins/opentest4j-1.1.1.jar
7fbfc3c64000-7fbfc3c68000 r--s 0001d000 08:02 9963477                    /home/kunjan/.gradle/wrapper/dists/gradle-5.1.1-all/97z1ksx6lirer3kbvdnh7jtjg/gradle-5.1.1/lib/plugins/junit-platform-engine-1.3.1.jar
7fbfc3c68000-7fbfc3c69000 r--s 00000000 08:02 9963479                    /home/kunjan/.gradle/wrapper/dists/gradle-5.1.1-all/97z1ksx6lirer3kbvdnh7jtjg/gradle-5.1.1/lib/plugins/apiguardian-api-1.0.0.jar
7fbfc3c69000-7fbfc3c6c000 r--s 00015000 08:02 9963441                    /home/kunjan/.gradle/wrapper/dists/gradle-5.1.1-all/97z1ksx6lirer3kbvdnh7jtjg/gradle-5.1.1/lib/plugins/junit-platform-launcher-1.3.1.jar
7fbfc3c6c000-7fbfc3c6e000 r--s 00009000 08:02 9963458                    /home/kunjan/.gradle/wrapper/dists/gradle-5.1.1-all/97z1ksx6lirer3kbvdnh7jtjg/gradle-5.1.1/lib/plugins/hamcrest-core-1.3.jar
7fbfc3c6e000-7fbfc3c76000 r--s 00045000 08:02 9963439                    /home/kunjan/.gradle/wrapper/dists/gradle-5.1.1-all/97z1ksx6lirer3kbvdnh7jtjg/gradle-5.1.1/lib/plugins/junit-4.12.jar
7fbfc3c76000-7fbfc3c77000 r--s 00003000 08:02 9963380                    /home/kunjan/.gradle/wrapper/dists/gradle-5.1.1-all/97z1ksx6lirer3kbvdnh7jtjg/gradle-5.1.1/lib/plugins/gradle-testing-junit-platform-5.1.1.jar
7fbfc3c77000-7fbfc3c7f000 r--s 00034000 08:02 9963390                    /home/kunjan/.gradle/wrapper/dists/gradle-5.1.1-all/97z1ksx6lirer3kbvdnh7jtjg/gradle-5.1.1/lib/plugins/gradle-testing-base-5.1.1.jar
7fbfc3c7f000-7fbfc3c87000 r--s 00047000 08:02 9963430                    /home/kunjan/.gradle/wrapper/dists/gradle-5.1.1-all/97z1ksx6lirer3kbvdnh7jtjg/gradle-5.1.1/lib/plugins/bcpg-jdk15on-1.60.jar
7fbfc3c87000-7fbfc3c89000 r--s 0000e000 08:02 9963360                    /home/kunjan/.gradle/wrapper/dists/gradle-5.1.1-all/97z1ksx6lirer3kbvdnh7jtjg/gradle-5.1.1/lib/plugins/gradle-signing-5.1.1.jar
7fbfc3c89000-7fbfc3c8b000 r--s 00009000 08:02 9963369                    /home/kunjan/.gradle/wrapper/dists/gradle-5.1.1-all/97z1ksx6lirer3kbvdnh7jtjg/gradle-5.1.1/lib/plugins/gradle-scala-5.1.1.jar
7fbfc3c8b000-7fbfc3c8c000 r--s 00004000 08:02 9963401                    /home/kunjan/.gradle/wrapper/dists/gradle-5.1.1-all/97z1ksx6lirer3kbvdnh7jtjg/gradle-5.1.1/lib/plugins/gradle-resources-sftp-5.1.1.jar
7fbfc3c8c000-7fbfc3c95000 r--s 0005b000 08:02 9963405                    /home/kunjan/.gradle/wrapper/dists/gradle-5.1.1-all/97z1ksx6lirer3kbvdnh7jtjg/gradle-5.1.1/lib/plugins/aws-java-sdk-kms-1.11.407.jar
7fbfc3c95000-7fbfc3c97000 r--s 00005000 08:02 9963447                    /home/kunjan/.gradle/wrapper/dists/gradle-5.1.1-all/97z1ksx6lirer3kbvdnh7jtjg/gradle-5.1.1/lib/plugins/jmespath-java-1.11.407.jar
7fbfc3c97000-7fbfc3caa000 r--s 000ca000 08:02 9963404                    /home/kunjan/.gradle/wrapper/dists/gradle-5.1.1-all/97z1ksx6lirer3kbvdnh7jtjg/gradle-5.1.1/lib/plugins/aws-java-sdk-s3-1.11.407.jar
7fbfc3caa000-7fbfc3cb4000 r--s 00081000 08:02 9963476                    /home/kunjan/.gradle/wrapper/dists/gradle-5.1.1-all/97z1ksx6lirer3kbvdnh7jtjg/gradle-5.1.1/lib/plugins/ion-java-1.0.2.jar
7fbfc3cb4000-7fbfc3cca000 r--s 000ca000 08:02 9963406                    /home/kunjan/.gradle/wrapper/dists/gradle-5.1.1-all/97z1ksx6lirer3kbvdnh7jtjg/gradle-5.1.1/lib/plugins/aws-java-sdk-core-1.11.407.jar
7fbfc3cca000-7fbfc3ccc000 r--s 00004000 08:02 9963397                    /home/kunjan/.gradle/wrapper/dists/gradle-5.1.1-all/97z1ksx6lirer3kbvdnh7jtjg/gradle-5.1.1/lib/plugins/gradle-resources-s3-5.1.1.jar
7fbfc3ccc000-7fbfc3cdd000 r--s 0008c000 08:02 9963451                    /home/kunjan/.gradle/wrapper/dists/gradle-5.1.1-all/97z1ksx6lirer3kbvdnh7jtjg/gradle-5.1.1/lib/plugins/joda-time-2.10.jar
7fbfc3cdd000-7fbfc3cf0000 r--s 00137000 08:02 9963448                    /home/kunjan/.gradle/wrapper/dists/gradle-5.1.1-all/97z1ksx6lirer3kbvdnh7jtjg/gradle-5.1.1/lib/plugins/jackson-databind-2.9.6.jar
7fbfc3cf0000-7fbfc3cf3000 r--s 0000e000 08:02 9963450                    /home/kunjan/.gradle/wrapper/dists/gradle-5.1.1-all/97z1ksx6lirer3kbvdnh7jtjg/gradle-5.1.1/lib/plugins/jackson-annotations-2.9.6.jar
7fbfc3cf3000-7fbfc3cf8000 r--s 0004b000 08:02 9963449                    /home/kunjan/.gradle/wrapper/dists/gradle-5.1.1-all/97z1ksx6lirer3kbvdnh7jtjg/gradle-5.1.1/lib/plugins/jackson-core-2.9.6.jar
7fbfc3cf8000-7fbfc3cf9000 r--s 00001000 08:02 9963415                    /home/kunjan/.gradle/wrapper/dists/gradle-5.1.1-all/97z1ksx6lirer3kbvdnh7jtjg/gradle-5.1.1/lib/plugins/google-http-client-jackson2-1.25.0.jar
7fbfc3cf9000-7fbfc3d03000 r--s 00056000 08:02 9963416                    /home/kunjan/.gradle/wrapper/dists/gradle-5.1.1-all/97z1ksx6lirer3kbvdnh7jtjg/gradle-5.1.1/lib/plugins/google-http-client-1.25.0.jar
7fbfc3d03000-7fbfc3d06000 r--s 0000d000 08:02 9963414                    /home/kunjan/.gradle/wrapper/dists/gradle-5.1.1-all/97z1ksx6lirer3kbvdnh7jtjg/gradle-5.1.1/lib/plugins/google-oauth-client-1.25.0.jar
7fbfc3d06000-7fbfc3d0b000 r--s 0002d000 08:02 9963413                    /home/kunjan/.gradle/wrapper/dists/gradle-5.1.1-all/97z1ksx6lirer3kbvdnh7jtjg/gradle-5.1.1/lib/plugins/google-api-client-1.25.0.jar
7fbfc3d0b000-7fbfc3d0f000 r--s 0001d000 08:02 9963412                    /home/kunjan/.gradle/wrapper/dists/gradle-5.1.1-all/97z1ksx6lirer3kbvdnh7jtjg/gradle-5.1.1/lib/plugins/google-api-services-storage-v1-rev136-1.25.0.jar
7fbfc3d0f000-7fbfc3d11000 r--s 00003000 08:02 9963398                    /home/kunjan/.gradle/wrapper/dists/gradle-5.1.1-all/97z1ksx6lirer3kbvdnh7jtjg/gradle-5.1.1/lib/plugins/gradle-resources-gcs-5.1.1.jar
7fbfc3d11000-7fbfc3d13000 r--s 00010000 08:02 9963396                    /home/kunjan/.gradle/wrapper/dists/gradle-5.1.1-all/97z1ksx6lirer3kbvdnh7jtjg/gradle-5.1.1/lib/plugins/gradle-reporting-5.1.1.jar
7fbfc3d13000-7fbfc3d15000 r--s 00007000 08:02 9963389                    /home/kunjan/.gradle/wrapper/dists/gradle-5.1.1-all/97z1ksx6lirer3kbvdnh7jtjg/gradle-5.1.1/lib/plugins/gradle-publish-5.1.1.jar
7fbfc3d15000-7fbfc3d17000 r--s 0000c000 08:02 9963420                    /home/kunjan/.gradle/wrapper/dists/gradle-5.1.1-all/97z1ksx6lirer3kbvdnh7jtjg/gradle-5.1.1/lib/plugins/commons-cli-1.4.jar
7fbfc3d17000-7fbfc3d1e000 r--s 0003e000 08:02 9963377                    /home/kunjan/.gradle/wrapper/dists/gradle-5.1.1-all/97z1ksx6lirer3kbvdnh7jtjg/gradle-5.1.1/lib/plugins/gradle-plugins-5.1.1.jar
7fbfc3d1e000-7fbfc3d20000 r--s 0000c000 08:02 9963365                    /home/kunjan/.gradle/wrapper/dists/gradle-5.1.1-all/97z1ksx6lirer3kbvdnh7jtjg/gradle-5.1.1/lib/plugins/gradle-plugin-development-5.1.1.jar
7fbfc3d20000-7fbfc3d26000 r--s 00030000 08:02 9963372                    /home/kunjan/.gradle/wrapper/dists/gradle-5.1.1-all/97z1ksx6lirer3kbvdnh7jtjg/gradle-5.1.1/lib/plugins/gradle-platform-play-5.1.1.jar
7fbfc3d26000-7fbfc3d2c000 r--s 0003d000 08:02 9963437                    /home/kunjan/.gradle/wrapper/dists/gradle-5.1.1-all/97z1ksx6lirer3kbvdnh7jtjg/gradle-5.1.1/lib/plugins/snakeyaml-1.17.jar
7fbfc3d2c000-7fbfc3d3d000 r--s 00076000 08:02 9963387                    /home/kunjan/.gradle/wrapper/dists/gradle-5.1.1-all/97z1ksx6lirer3kbvdnh7jtjg/gradle-5.1.1/lib/plugins/gradle-platform-native-5.1.1.jar
7fbfc3d3d000-7fbfc3d41000 r--s 0001b000 08:02 9963386                    /home/kunjan/.gradle/wrapper/dists/gradle-5.1.1-all/97z1ksx6lirer3kbvdnh7jtjg/gradle-5.1.1/lib/plugins/gradle-platform-jvm-5.1.1.jar
7fbfc3d41000-7fbfc3d48000 r--s 00029000 08:02 9963391                    /home/kunjan/.gradle/wrapper/dists/gradle-5.1.1-all/97z1ksx6lirer3kbvdnh7jtjg/gradle-5.1.1/lib/plugins/gradle-platform-base-5.1.1.jar
7fbfc3d48000-7fbfc3d75000 r--s 0025e000 08:02 9963421                    /home/kunjan/.gradle/wrapper/dists/gradle-5.1.1-all/97z1ksx6lirer3kbvdnh7jtjg/gradle-5.1.1/lib/plugins/biz.aQute.bndlib-4.0.0.jar
7fbfc3d75000-7fbfc3d76000 r--s 00004000 08:02 9963359                    /home/kunjan/.gradle/wrapper/dists/gradle-5.1.1-all/97z1ksx6lirer3kbvdnh7jtjg/gradle-5.1.1/lib/plugins/gradle-osgi-5.1.1.jar
7fbfc3d76000-7fbfc3d79000 r--s 0000c000 08:02 9963426                    /home/kunjan/.gradle/wrapper/dists/gradle-5.1.1-all/97z1ksx6lirer3kbvdnh7jtjg/gradle-5.1.1/lib/plugins/pmaven-groovy-0.8-20100325.jar
7fbfc3d79000-7fbfc3d7a000 r--s 00004000 08:02 9963425                    /home/kunjan/.gradle/wrapper/dists/gradle-5.1.1-all/97z1ksx6lirer3kbvdnh7jtjg/gradle-5.1.1/lib/plugins/pmaven-common-0.8-20100325.jar
7fbfc3d7a000-7fbfc3d7b000 r--s 00008000 08:02 9963411                    /home/kunjan/.gradle/wrapper/dists/gradle-5.1.1-all/97z1ksx6lirer3kbvdnh7jtjg/gradle-5.1.1/lib/plugins/wagon-http-shared-3.0.0.jar
7fbfc3d7b000-7fbfc3d7c000 r--s 00002000 08:02 9963410                    /home/kunjan/.gradle/wrapper/dists/gradle-5.1.1-all/97z1ksx6lirer3kbvdnh7jtjg/gradle-5.1.1/lib/plugins/wagon-http-3.0.0.jar
7fbfc3d7c000-7fbfc3d7d000 r--s 00002000 08:02 9963427                    /home/kunjan/.gradle/wrapper/dists/gradle-5.1.1-all/97z1ksx6lirer3kbvdnh7jtjg/gradle-5.1.1/lib/plugins/wagon-file-3.0.0.jar
7fbfc3d7d000-7fbfc3d7f000 r--s 00006000 08:02 9963429                    /home/kunjan/.gradle/wrapper/dists/gradle-5.1.1-all/97z1ksx6lirer3kbvdnh7jtjg/gradle-5.1.1/lib/plugins/aether-connector-wagon-1.13.1.jar
7fbfc3d7f000-7fbfc3d85000 r--s 0002e000 08:02 9963366                    /home/kunjan/.gradle/wrapper/dists/gradle-5.1.1-all/97z1ksx6lirer3kbvdnh7jtjg/gradle-5.1.1/lib/plugins/gradle-maven-5.1.1.jar
7fbfc3d85000-7fbfc3d88000 r--s 0000b000 08:02 9963379                    /home/kunjan/.gradle/wrapper/dists/gradle-5.1.1-all/97z1ksx6lirer3kbvdnh7jtjg/gradle-5.1.1/lib/plugins/gradle-language-scala-5.1.1.jar
7fbfc3d88000-7fbfc3d94000 r--s 00059000 08:02 9963364                    /home/kunjan/.gradle/wrapper/dists/gradle-5.1.1-all/97z1ksx6lirer3kbvdnh7jtjg/gradle-5.1.1/lib/plugins/gradle-language-native-5.1.1.jar
7fbfc3d94000-7fbfc3d97000 r--s 00004000 08:02 9963385                    /home/kunjan/.gradle/wrapper/dists/gradle-5.1.1-all/97z1ksx6lirer3kbvdnh7jtjg/gradle-5.1.1/lib/plugins/gradle-language-jvm-5.1.1.jar
7fbfc3d97000-7fbfc3da0000 r--s 00040000 08:02 9963383                    /home/kunjan/.gradle/wrapper/dists/gradle-5.1.1-all/97z1ksx6lirer3kbvdnh7jtjg/gradle-5.1.1/lib/plugins/gradle-language-java-5.1.1.jar
7fbfc3da0000-7fbfc3da2000 r--s 0000b000 08:02 9963378                    /home/kunjan/.gradle/wrapper/dists/gradle-5.1.1-all/97z1ksx6lirer3kbvdnh7jtjg/gradle-5.1.1/lib/plugins/gradle-language-groovy-5.1.1.jar
7fbfc3da2000-7fbfc3da9000 r--s 00035000 08:02 9963433                    /home/kunjan/.gradle/wrapper/dists/gradle-5.1.1-all/97z1ksx6lirer3kbvdnh7jtjg/gradle-5.1.1/lib/plugins/simple-4.1.21.jar
7fbfc3da9000-7fbfc3db6000 r--s 00125000 08:02 9963431                    /home/kunjan/.gradle/wrapper/dists/gradle-5.1.1-all/97z1ksx6lirer3kbvdnh7jtjg/gradle-5.1.1/lib/plugins/rhino-1.7.10.jar
7fbfc3db6000-7fbfc3dba000 r--s 00012000 08:02 9963373                    /home/kunjan/.gradle/wrapper/dists/gradle-5.1.1-all/97z1ksx6lirer3kbvdnh7jtjg/gradle-5.1.1/lib/plugins/gradle-javascript-5.1.1.jar
7fbfc3dba000-7fbfc3dbd000 r--s 00011000 08:02 9963375                    /home/kunjan/.gradle/wrapper/dists/gradle-5.1.1-all/97z1ksx6lirer3kbvdnh7jtjg/gradle-5.1.1/lib/plugins/gradle-jacoco-5.1.1.jar
7fbfc3dbd000-7fbfc3dc0000 r--s 00013000 08:02 9963374                    /home/kunjan/.gradle/wrapper/dists/gradle-5.1.1-all/97z1ksx6lirer3kbvdnh7jtjg/gradle-5.1.1/lib/plugins/gradle-ivy-5.1.1.jar
7fbfc3dc0000-7fbfc3dc1000 r--s 00002000 08:02 9963367                    /home/kunjan/.gradle/wrapper/dists/gradle-5.1.1-all/97z1ksx6lirer3kbvdnh7jtjg/gradle-5.1.1/lib/plugins/gradle-ide-play-5.1.1.jar
7fbfc3dc1000-7fbfc3dc3000 r--s 00011000 08:02 9963438                    /home/kunjan/.gradle/wrapper/dists/gradle-5.1.1-all/97z1ksx6lirer3kbvdnh7jtjg/gradle-5.1.1/lib/plugins/dd-plist-1.21.jar
7fbfc3dc3000-7fbfc3dca000 r--s 00033000 08:02 9963362                    /home/kunjan/.gradle/wrapper/dists/gradle-5.1.1-all/97z1ksx6lirer3kbvdnh7jtjg/gradle-5.1.1/lib/plugins/gradle-ide-native-5.1.1.jar
7fbfc3dca000-7fbfc3dd4000 r--s 0005e000 08:02 9963368                    /home/kunjan/.gradle/wrapper/dists/gradle-5.1.1-all/97z1ksx6lirer3kbvdnh7jtjg/gradle-5.1.1/lib/plugins/gradle-ide-5.1.1.jar
7fbfc3dd4000-7fbfc3dd6000 r--s 00008000 08:02 9963371                    /home/kunjan/.gradle/wrapper/dists/gradle-5.1.1-all/97z1ksx6lirer3kbvdnh7jtjg/gradle-5.1.1/lib/plugins/gradle-ear-5.1.1.jar
7fbfc3dd6000-7fbfc3dd8000 r--s 00006000 08:02 9963434                    /home/kunjan/.gradle/wrapper/dists/gradle-5.1.1-all/97z1ksx6lirer3kbvdnh7jtjg/gradle-5.1.1/lib/plugins/jatl-0.2.3.jar
7fbfc3dd8000-7fbfc3ddf000 r--s 0003d000 08:02 9963388                    /home/kunjan/.gradle/wrapper/dists/gradle-5.1.1-all/97z1ksx6lirer3kbvdnh7jtjg/gradle-5.1.1/lib/plugins/gradle-diagnostics-5.1.1.jar
7fbfc3ddf000-7fbfc3de4000 r--s 00028000 08:02 9963358                    /home/kunjan/.gradle/wrapper/dists/gradle-5.1.1-all/97z1ksx6lirer3kbvdnh7jtjg/gradle-5.1.1/lib/plugins/gradle-code-quality-5.1.1.jar
7fbfc3de4000-7fbfc3dea000 r--s 0003f000 08:02 9963423                    /home/kunjan/.gradle/wrapper/dists/gradle-5.1.1-all/97z1ksx6lirer3kbvdnh7jtjg/gradle-5.1.1/lib/plugins/maven-compat-3.0.4.jar
7fbfc3dea000-7fbfc3e00000 r-xp 00000000 08:01 2101717                    /lib/x86_64-linux-gnu/libgcc_s.so.1
7fbfc3e00000-7fbfc3fff000 ---p 00016000 08:01 2101717                    /lib/x86_64-linux-gnu/libgcc_s.so.1
7fbfc3fff000-7fbfc4000000 rw-p 00015000 08:01 2101717                    /lib/x86_64-linux-gnu/libgcc_s.so.1
7fbfc4000000-7fbfc4021000 rw-p 00000000 00:00 0 
7fbfc4021000-7fbfc8000000 ---p 00000000 00:00 0 
7fbfc8000000-7fbfc8021000 rw-p 00000000 00:00 0 
7fbfc8021000-7fbfcc000000 ---p 00000000 00:00 0 
7fbfcc000000-7fbfcdcf1000 rw-p 00000000 00:00 0 
7fbfcdcf1000-7fbfd0000000 ---p 00000000 00:00 0 
7fbfd0000000-7fbfd194e000 rw-p 00000000 00:00 0 
7fbfd194e000-7fbfd4000000 ---p 00000000 00:00 0 
7fbfd4000000-7fbfd4021000 rw-p 00000000 00:00 0 
7fbfd4021000-7fbfd8000000 ---p 00000000 00:00 0 
7fbfd8000000-7fbfda0a9000 rw-p 00000000 00:00 0 
7fbfda0a9000-7fbfdc000000 ---p 00000000 00:00 0 
7fbfdc000000-7fbfdc021000 rw-p 00000000 00:00 0 
7fbfdc021000-7fbfe0000000 ---p 00000000 00:00 0 
7fbfe0000000-7fbfe0021000 rw-p 00000000 00:00 0 
7fbfe0021000-7fbfe4000000 ---p 00000000 00:00 0 
7fbfe4000000-7fbfe46d5000 rw-p 00000000 00:00 0 
7fbfe46d5000-7fbfe8000000 ---p 00000000 00:00 0 
7fbfe8000000-7fbfe815b000 rw-p 00000000 00:00 0 
7fbfe815b000-7fbfec000000 ---p 00000000 00:00 0 
7fbfec000000-7fbfec085000 rw-p 00000000 00:00 0 
7fbfec085000-7fbff0000000 ---p 00000000 00:00 0 
7fbff0000000-7fbff005f000 rw-p 00000000 00:00 0 
7fbff005f000-7fbff4000000 ---p 00000000 00:00 0 
7fbff4000000-7fbff405f000 rw-p 00000000 00:00 0 
7fbff405f000-7fbff8000000 ---p 00000000 00:00 0 
7fbff8000000-7fbff8002000 r--s 0000b000 08:02 9963435                    /home/kunjan/.gradle/wrapper/dists/gradle-5.1.1-all/97z1ksx6lirer3kbvdnh7jtjg/gradle-5.1.1/lib/plugins/maven-plugin-api-3.0.4.jar
7fbff8002000-7fbff8004000 r--s 0000c000 08:02 9963473                    /home/kunjan/.gradle/wrapper/dists/gradle-5.1.1-all/97z1ksx6lirer3kbvdnh7jtjg/gradle-5.1.1/lib/plugins/wagon-provider-api-3.0.0.jar
7fbff8004000-7fbff8007000 r--s 0000a000 08:02 9963470                    /home/kunjan/.gradle/wrapper/dists/gradle-5.1.1-all/97z1ksx6lirer3kbvdnh7jtjg/gradle-5.1.1/lib/plugins/plexus-classworlds-2.5.1.jar
7fbff8007000-7fbff800b000 r--s 00021000 08:02 9963475                    /home/kunjan/.gradle/wrapper/dists/gradle-5.1.1-all/97z1ksx6lirer3kbvdnh7jtjg/gradle-5.1.1/lib/plugins/xbean-reflect-3.7.jar
7fbff800b000-7fbff8012000 r--s 00032000 08:02 9963428                    /home/kunjan/.gradle/wrapper/dists/gradle-5.1.1-all/97z1ksx6lirer3kbvdnh7jtjg/gradle-5.1.1/lib/plugins/plexus-container-default-1.7.1.jar
7fbff8012000-7fbff8018000 r--s 0002e000 08:02 9963376                    /home/kunjan/.gradle/wrapper/dists/gradle-5.1.1-all/97z1ksx6lirer3kbvdnh7jtjg/gradle-5.1.1/lib/plugins/gradle-build-init-5.1.1.jar
7fbff8018000-7fbff801e000 r--s 0002e000 08:02 9963370                    /home/kunjan/.gradle/wrapper/dists/gradle-5.1.1-all/97z1ksx6lirer3kbvdnh7jtjg/gradle-5.1.1/lib/plugins/gradle-build-comparison-5.1.1.jar
7fbff801e000-7fbff801f000 r--s 00002000 08:02 9963399                    /home/kunjan/.gradle/wrapper/dists/gradle-5.1.1-all/97z1ksx6lirer3kbvdnh7jtjg/gradle-5.1.1/lib/plugins/gradle-build-cache-http-5.1.1.jar
7fbff801f000-7fbff8021000 r--s 00009000 08:02 9963357                    /home/kunjan/.gradle/wrapper/dists/gradle-5.1.1-all/97z1ksx6lirer3kbvdnh7jtjg/gradle-5.1.1/lib/plugins/gradle-antlr-5.1.1.jar
7fbff8021000-7fbff8022000 r--s 00005000 08:02 9963356                    /home/kunjan/.gradle/wrapper/dists/gradle-5.1.1-all/97z1ksx6lirer3kbvdnh7jtjg/gradle-5.1.1/lib/plugins/gradle-announce-5.1.1.jar
7fbff8022000-7fbff8025000 r--s 00016000 08:02 9963277                    /home/kunjan/.gradle/wrapper/dists/gradle-5.1.1-all/97z1ksx6lirer3kbvdnh7jtjg/gradle-5.1.1/lib/gradle-kotlin-dsl-tooling-builders-1.1.1.jar
7fbff8025000-7fbff8027000 r--s 00006000 08:02 9963276                    /home/kunjan/.gradle/wrapper/dists/gradle-5.1.1-all/97z1ksx6lirer3kbvdnh7jtjg/gradle-5.1.1/lib/gradle-kotlin-dsl-provider-plugins-1.1.1.jar
7fbff8027000-7fbff8028000 r--s 00000000 08:02 9963290                    /home/kunjan/.gradle/wrapper/dists/gradle-5.1.1-all/97z1ksx6lirer3kbvdnh7jtjg/gradle-5.1.1/lib/gradle-runtime-api-info-5.1.1.jar
7fbff8028000-7fbff802d000 r--s 00040000 08:02 9963445                    /home/kunjan/.gradle/wrapper/dists/gradle-5.1.1-all/97z1ksx6lirer3kbvdnh7jtjg/gradle-5.1.1/lib/plugins/jsch-0.1.54.jar
7fbff802d000-7fbff802f000 r--s 00010000 08:02 9963461                    /home/kunjan/.gradle/wrapper/dists/gradle-5.1.1-all/97z1ksx6lirer3kbvdnh7jtjg/gradle-5.1.1/lib/plugins/jzlib-1.1.3.jar
7fbff802f000-7fbff8054000 r--s 00265000 08:02 9963407                    /home/kunjan/.gradle/wrapper/dists/gradle-5.1.1-all/97z1ksx6lirer3kbvdnh7jtjg/gradle-5.1.1/lib/plugins/org.eclipse.jgit-5.0.3.201809091024-r.jar
7fbff8054000-7fbff8056000 r--s 0000c000 08:02 9963393                    /home/kunjan/.gradle/wrapper/dists/gradle-5.1.1-all/97z1ksx6lirer3kbvdnh7jtjg/gradle-5.1.1/lib/plugins/gradle-version-control-5.1.1.jar
7fbff8056000-7fbff806f000 r--s 0013a000 08:02 9963444                    /home/kunjan/.gradle/wrapper/dists/gradle-5.1.1-all/97z1ksx6lirer3kbvdnh7jtjg/gradle-5.1.1/lib/plugins/xercesImpl-2.12.0.jar
7fbff806f000-7fbff8071000 r--s 0001d000 08:02 9963443                    /home/kunjan/.gradle/wrapper/dists/gradle-5.1.1-all/97z1ksx6lirer3kbvdnh7jtjg/gradle-5.1.1/lib/plugins/nekohtml-1.9.22.jar
7fbff8071000-7fbff8077000 r--s 0005b000 08:02 9963442                    /home/kunjan/.gradle/wrapper/dists/gradle-5.1.1-all/97z1ksx6lirer3kbvdnh7jtjg/gradle-5.1.1/lib/plugins/jcifs-1.3.17.jar
7fbff8077000-7fbff807e000 r--s 0004b000 08:02 9963418                    /home/kunjan/.gradle/wrapper/dists/gradle-5.1.1-all/97z1ksx6lirer3kbvdnh7jtjg/gradle-5.1.1/lib/plugins/commons-codec-1.11.jar
7fbff807e000-7fbff8085000 r--s 00049000 08:02 9963459                    /home/kunjan/.gradle/wrapper/dists/gradle-5.1.1-all/97z1ksx6lirer3kbvdnh7jtjg/gradle-5.1.1/lib/plugins/httpcore-4.4.10.jar
7fbff8085000-7fbff8092000 r--s 000af000 08:02 9963417                    /home/kunjan/.gradle/wrapper/dists/gradle-5.1.1-all/97z1ksx6lirer3kbvdnh7jtjg/gradle-5.1.1/lib/plugins/httpclient-4.5.6.jar
7fbff8092000-7fbff8094000 r--s 0000e000 08:02 9963400                    /home/kunjan/.gradle/wrapper/dists/gradle-5.1.1-all/97z1ksx6lirer3kbvdnh7jtjg/gradle-5.1.1/lib/plugins/gradle-resources-http-5.1.1.jar
7fbff8094000-7fbff8097000 r--s 0000c000 08:02 9963392                    /home/kunjan/.gradle/wrapper/dists/gradle-5.1.1-all/97z1ksx6lirer3kbvdnh7jtjg/gradle-5.1.1/lib/plugins/gradle-plugin-use-5.1.1.jar
7fbff8097000-7fbff809a000 r--s 0000d000 08:02 9963395                    /home/kunjan/.gradle/wrapper/dists/gradle-5.1.1-all/97z1ksx6lirer3kbvdnh7jtjg/gradle-5.1.1/lib/plugins/gradle-composite-builds-5.1.1.jar
7fbff809a000-7fbff809b000 r--s 00000000 08:02 9963293                    /home/kunjan/.gradle/wrapper/dists/gradle-5.1.1-all/97z1ksx6lirer3kbvdnh7jtjg/gradle-5.1.1/lib/gradle-installation-beacon-5.1.1.jar
7fbff809b000-7fbff809d000 r--s 00006000 08:02 9963465                    /home/kunjan/.gradle/wrapper/dists/gradle-5.1.1-all/97z1ksx6lirer3kbvdnh7jtjg/gradle-5.1.1/lib/plugins/maven-repository-metadata-3.0.4.jar
7fbff809d000-7fbff809f000 r--s 0000c000 08:02 9963453                    /home/kunjan/.gradle/wrapper/dists/gradle-5.1.1-all/97z1ksx6lirer3kbvdnh7jtjg/gradle-5.1.1/lib/plugins/maven-aether-provider-3.0.4.jar
7fbff809f000-7fbff80a0000 r--s 00003000 08:02 9963455                    /home/kunjan/.gradle/wrapper/dists/gradle-5.1.1-all/97z1ksx6lirer3kbvdnh7jtjg/gradle-5.1.1/lib/plugins/aether-spi-1.13.1.jar
7fbff80a0000-7fbff80a3000 r--s 0001d000 08:02 9963454                    /home/kunjan/.gradle/wrapper/dists/gradle-5.1.1-all/97z1ksx6lirer3kbvdnh7jtjg/gradle-5.1.1/lib/plugins/aether-impl-1.13.1.jar
7fbff80a3000-7fbff80a7000 r--s 0001c000 08:02 9963456                    /home/kunjan/.gradle/wrapper/dists/gradle-5.1.1-all/97z1ksx6lirer3kbvdnh7jtjg/gradle-5.1.1/lib/plugins/aether-util-1.13.1.jar
7fbff80a7000-7fbff80aa000 r--s 00013000 08:02 9963457                    /home/kunjan/.gradle/wrapper/dists/gradle-5.1.1-all/97z1ksx6lirer3kbvdnh7jtjg/gradle-5.1.1/lib/plugins/aether-api-1.13.1.jar
7fbff80aa000-7fbff80ac000 r--s 0000b000 08:02 9963462                    /home/kunjan/.gradle/wrapper/dists/gradle-5.1.1-all/97z1ksx6lirer3kbvdnh7jtjg/gradle-5.1.1/lib/plugins/maven-artifact-3.0.4.jar
7fbff80ac000-7fbff80b0000 r--s 00021000 08:02 9963463                    /home/kunjan/.gradle/wrapper/dists/gradle-5.1.1-all/97z1ksx6lirer3kbvdnh7jtjg/gradle-5.1.1/lib/plugins/maven-model-builder-3.0.4.jar
7fbff80b0000-7fbff80b2000 r--s 00026000 08:02 9963464                    /home/kunjan/.gradle/wrapper/dists/gradle-5.1.1-all/97z1ksx6lirer3kbvdnh7jtjg/gradle-5.1.1/lib/plugins/maven-model-3.0.4.jar
7fbff80b2000-7fbff80b4000 r--s 0000a000 08:02 9963467                    /home/kunjan/.gradle/wrapper/dists/gradle-5.1.1-all/97z1ksx6lirer3kbvdnh7jtjg/gradle-5.1.1/lib/plugins/maven-settings-3.0.4.jar
7fbff80b4000-7fbff80b6000 r--s 00002000 08:02 9963469                    /home/kunjan/.gradle/wrapper/dists/gradle-5.1.1-all/97z1ksx6lirer3kbvdnh7jtjg/gradle-5.1.1/lib/plugins/plexus-cipher-1.7.jar
7fbff80b6000-7fbff80b7000 r--s 00006000 08:02 9963468                    /home/kunjan/.gradle/wrapper/dists/gradle-5.1.1-all/97z1ksx6lirer3kbvdnh7jtjg/gradle-5.1.1/lib/plugins/plexus-sec-dispatcher-1.3.jar
7fbff80b7000-7fbff80b9000 r--s 00000000 08:02 9963471                    /home/kunjan/.gradle/wrapper/dists/gradle-5.1.1-all/97z1ksx6lirer3kbvdnh7jtjg/gradle-5.1.1/lib/plugins/plexus-component-annotations-1.5.5.jar
7fbff80b9000-7fbff80bb000 r--s 0000d000 08:02 9963472                    /home/kunjan/.gradle/wrapper/dists/gradle-5.1.1-all/97z1ksx6lirer3kbvdnh7jtjg/gradle-5.1.1/lib/plugins/plexus-interpolation-1.14.jar
7fbff80bb000-7fbff80d0000 r--s 00116000 08:02 9963422                    /home/kunjan/.gradle/wrapper/dists/gradle-5.1.1-all/97z1ksx6lirer3kbvdnh7jtjg/gradle-5.1.1/lib/plugins/ivy-2.3.0.jar
7fbff80d0000-7fbff8128000 r--s 003a7000 08:02 9963452                    /home/kunjan/.gradle/wrapper/dists/gradle-5.1.1-all/97z1ksx6lirer3kbvdnh7jtjg/gradle-5.1.1/lib/plugins/bcprov-jdk15on-1.60.jar
7fbff8128000-7fbff815a000 r--s 001a9000 08:02 9963394                    /home/kunjan/.gradle/wrapper/dists/gradle-5.1.1-all/97z1ksx6lirer3kbvdnh7jtjg/gradle-5.1.1/lib/plugins/gradle-dependency-management-5.1.1.jar
7fbff815a000-7fbff8240000 r-xp 00000000 08:01 8392849                    /usr/lib/x86_64-linux-gnu/libstdc++.so.6.0.19
7fbff8240000-7fbff843f000 ---p 000e6000 08:01 8392849                    /usr/lib/x86_64-linux-gnu/libstdc++.so.6.0.19
7fbff843f000-7fbff8447000 r--p 000e5000 08:01 8392849                    /usr/lib/x86_64-linux-gnu/libstdc++.so.6.0.19
7fbff8447000-7fbff8449000 rw-p 000ed000 08:01 8392849                    /usr/lib/x86_64-linux-gnu/libstdc++.so.6.0.19
7fbff8449000-7fbff845e000 rw-p 00000000 00:00 0 
7fbff845e000-7fbff8462000 r--s 0003c000 08:02 9963474                    /home/kunjan/.gradle/wrapper/dists/gradle-5.1.1-all/97z1ksx6lirer3kbvdnh7jtjg/gradle-5.1.1/lib/plugins/plexus-utils-3.1.0.jar
7fbff8462000-7fbff8465000 r--s 00008000 08:02 9963466                    /home/kunjan/.gradle/wrapper/dists/gradle-5.1.1-all/97z1ksx6lirer3kbvdnh7jtjg/gradle-5.1.1/lib/plugins/maven-settings-builder-3.0.4.jar
7fbff8465000-7fbff8471000 r--s 0007d000 08:02 9963424                    /home/kunjan/.gradle/wrapper/dists/gradle-5.1.1-all/97z1ksx6lirer3kbvdnh7jtjg/gradle-5.1.1/lib/plugins/maven-core-3.0.4.jar
7fbff8471000-7fbff8476000 r--s 00036000 08:02 9963432                    /home/kunjan/.gradle/wrapper/dists/gradle-5.1.1-all/97z1ksx6lirer3kbvdnh7jtjg/gradle-5.1.1/lib/plugins/gson-2.8.5.jar
7fbff8476000-7fbff8477000 r--s 00013000 08:02 9963419                    /home/kunjan/.gradle/wrapper/dists/gradle-5.1.1-all/97z1ksx6lirer3kbvdnh7jtjg/gradle-5.1.1/lib/plugins/asm-util-7.0.jar
7fbff8477000-7fbff8479000 r--s 0000f000 08:02 9963403                    /home/kunjan/.gradle/wrapper/dists/gradle-5.1.1-all/97z1ksx6lirer3kbvdnh7jtjg/gradle-5.1.1/lib/plugins/gradle-workers-5.1.1.jar
7fbff8479000-7fbff847e000 r-xp 00000000 08:02 3412132                    /home/kunjan/.gradle/native/25/linux-amd64/libnative-platform.so
7fbff847e000-7fbff867d000 ---p 00005000 08:02 3412132                    /home/kunjan/.gradle/native/25/linux-amd64/libnative-platform.so
7fbff867d000-7fbff867e000 rw-p 00004000 08:02 3412132                    /home/kunjan/.gradle/native/25/linux-amd64/libnative-platform.so
7fbff867e000-7fbff868e000 r-xp 00000000 08:02 30934404                   /home/kunjan/Documents/android-studio/jre/jre/lib/amd64/libnio.so
7fbff868e000-7fbff868f000 rw-p 00010000 08:02 30934404                   /home/kunjan/Documents/android-studio/jre/jre/lib/amd64/libnio.so
7fbff868f000-7fbff86a5000 r-xp 00000000 08:02 30934402                   /home/kunjan/Documents/android-studio/jre/jre/lib/amd64/libnet.so
7fbff86a5000-7fbff86a6000 rw-p 00016000 08:02 30934402                   /home/kunjan/Documents/android-studio/jre/jre/lib/amd64/libnet.so
7fbff86a6000-7fbff86a7000 r--s 00006000 08:02 9963292                    /home/kunjan/.gradle/wrapper/dists/gradle-5.1.1-all/97z1ksx6lirer3kbvdnh7jtjg/gradle-5.1.1/lib/gradle-wrapper-5.1.1.jar
7fbff86a7000-7fbff86b6000 r--s 0004b000 08:02 9963291                    /home/kunjan/.gradle/wrapper/dists/gradle-5.1.1-all/97z1ksx6lirer3kbvdnh7jtjg/gradle-5.1.1/lib/gradle-tooling-api-5.1.1.jar
7fbff86b6000-7fbff86c5000 r--s 00231000 08:02 9963287                    /home/kunjan/.gradle/wrapper/dists/gradle-5.1.1-all/97z1ksx6lirer3kbvdnh7jtjg/gradle-5.1.1/lib/kotlinx-metadata-jvm-0.0.4.jar
7fbff86c5000-7fbff86c7000 r--s 00002000 08:02 9963286                    /home/kunjan/.gradle/wrapper/dists/gradle-5.1.1-all/97z1ksx6lirer3kbvdnh7jtjg/gradle-5.1.1/lib/kotlin-stdlib-jdk8-1.3.11.jar
7fbff86c7000-7fbff86c8000 r--s 00000000 08:02 9963285                    /home/kunjan/.gradle/wrapper/dists/gradle-5.1.1-all/97z1ksx6lirer3kbvdnh7jtjg/gradle-5.1.1/lib/kotlin-stdlib-jdk7-1.3.11.jar
7fbff86c8000-7fbff86cf000 r--s 0001e000 08:02 9963284                    /home/kunjan/.gradle/wrapper/dists/gradle-5.1.1-all/97z1ksx6lirer3kbvdnh7jtjg/gradle-5.1.1/lib/kotlin-stdlib-common-1.3.11.jar
7fbff86cf000-7fbff86e2000 r--s 0010e000 08:02 9963283                    /home/kunjan/.gradle/wrapper/dists/gradle-5.1.1-all/97z1ksx6lirer3kbvdnh7jtjg/gradle-5.1.1/lib/kotlin-stdlib-1.3.11.jar
7fbff86e2000-7fbff86e4000 r--s 00009000 08:02 9963282                    /home/kunjan/.gradle/wrapper/dists/gradle-5.1.1-all/97z1ksx6lirer3kbvdnh7jtjg/gradle-5.1.1/lib/kotlin-script-runtime-1.3.11.jar
7fbff86e4000-7fbff86e5000 r--s 00002000 08:02 9963281                    /home/kunjan/.gradle/wrapper/dists/gradle-5.1.1-all/97z1ksx6lirer3kbvdnh7jtjg/gradle-5.1.1/lib/kotlin-sam-with-receiver-compiler-plugin-1.3.11.jar
7fbff86e5000-7fbff871b000 r--s 00250000 08:02 9963280                    /home/kunjan/.gradle/wrapper/dists/gradle-5.1.1-all/97z1ksx6lirer3kbvdnh7jtjg/gradle-5.1.1/lib/kotlin-reflect-1.3.11.jar
7fbff871b000-7fbff88f4000 r--s 01b06000 08:02 9963279                    /home/kunjan/.gradle/wrapper/dists/gradle-5.1.1-all/97z1ksx6lirer3kbvdnh7jtjg/gradle-5.1.1/lib/kotlin-compiler-embeddable-1.3.11.jar
7fbff88f4000-7fbff88f5000 r--s 00001000 08:02 9963278                    /home/kunjan/.gradle/wrapper/dists/gradle-5.1.1-all/97z1ksx6lirer3kbvdnh7jtjg/gradle-5.1.1/lib/gradle-kotlin-dsl-tooling-models-1.1.1.jar
7fbff88f5000-7fbff88f7000 r--s 00003000 08:02 9963274                    /home/kunjan/.gradle/wrapper/dists/gradle-5.1.1-all/97z1ksx6lirer3kbvdnh7jtjg/gradle-5.1.1/lib/annotations-13.0.jar
7fbff88f7000-7fbff8911000 r--s 0014e000 08:02 9963275                    /home/kunjan/.gradle/wrapper/dists/gradle-5.1.1-all/97z1ksx6lirer3kbvdnh7jtjg/gradle-5.1.1/lib/gradle-kotlin-dsl-1.1.1.jar
7fbff8911000-7fbff8913000 r--s 00007000 08:02 9963297                    /home/kunjan/.gradle/wrapper/dists/gradle-5.1.1-all/97z1ksx6lirer3kbvdnh7jtjg/gradle-5.1.1/lib/gradle-build-cache-packaging-5.1.1.jar
7fbff8913000-7fbff8916000 r--s 00010000 08:02 9963296                    /home/kunjan/.gradle/wrapper/dists/gradle-5.1.1-all/97z1ksx6lirer3kbvdnh7jtjg/gradle-5.1.1/lib/gradle-execution-5.1.1.jar
7fbff8916000-7fbff891a000 r--s 0001a000 08:02 9963299                    /home/kunjan/.gradle/wrapper/dists/gradle-5.1.1-all/97z1ksx6lirer3kbvdnh7jtjg/gradle-5.1.1/lib/gradle-files-5.1.1.jar
7fbff891a000-7fbff891f000 r--s 00022000 08:02 9963298                    /home/kunjan/.gradle/wrapper/dists/gradle-5.1.1-all/97z1ksx6lirer3kbvdnh7jtjg/gradle-5.1.1/lib/gradle-snapshots-5.1.1.jar
7fbff891f000-7fbff8920000 r--s 00003000 08:02 9963312                    /home/kunjan/.gradle/wrapper/dists/gradle-5.1.1-all/97z1ksx6lirer3kbvdnh7jtjg/gradle-5.1.1/lib/gradle-build-option-5.1.1.jar
7fbff8920000-7fbff8922000 r--s 00005000 08:02 9963313                    /home/kunjan/.gradle/wrapper/dists/gradle-5.1.1-all/97z1ksx6lirer3kbvdnh7jtjg/gradle-5.1.1/lib/gradle-cli-5.1.1.jar
7fbff8922000-7fbff8924000 r--s 00004000 08:02 9963323                    /home/kunjan/.gradle/wrapper/dists/gradle-5.1.1-all/97z1ksx6lirer3kbvdnh7jtjg/gradle-5.1.1/lib/log4j-over-slf4j-1.7.25.jar
7fbff8924000-7fbff8926000 r--s 00000000 08:02 9963322                    /home/kunjan/.gradle/wrapper/dists/gradle-5.1.1-all/97z1ksx6lirer3kbvdnh7jtjg/gradle-5.1.1/lib/jul-to-slf4j-1.7.25.jar
7fbff8926000-7fbff8928000 r--s 00003000 08:02 9963321                    /home/kunjan/.gradle/wrapper/dists/gradle-5.1.1-all/97z1ksx6lirer3kbvdnh7jtjg/gradle-5.1.1/lib/jcl-over-slf4j-1.7.25.jar
7fbff8928000-7fbff8930000 r--s 00035000 08:02 9963305                    /home/kunjan/.gradle/wrapper/dists/gradle-5.1.1-all/97z1ksx6lirer3kbvdnh7jtjg/gradle-5.1.1/lib/gradle-logging-5.1.1.jar
7fbff8930000-7fbff8935000 r--s 00015000 08:02 9963307                    /home/kunjan/.gradle/wrapper/dists/gradle-5.1.1-all/97z1ksx6lirer3kbvdnh7jtjg/gradle-5.1.1/lib/gradle-resources-5.1.1.jar
7fbff8935000-7fbff893c000 r--s 00036000 08:02 9963304                    /home/kunjan/.gradle/wrapper/dists/gradle-5.1.1-all/97z1ksx6lirer3kbvdnh7jtjg/gradle-5.1.1/lib/gradle-persistent-cache-5.1.1.jar
7fbff893c000-7fbff8941000 r--s 00014000 08:02 9963303                    /home/kunjan/.gradle/wrapper/dists/gradle-5.1.1-all/97z1ksx6lirer3kbvdnh7jtjg/gradle-5.1.1/lib/gradle-build-cache-5.1.1.jar
7fbff8941000-7fbff8952000 r--s 00092000 08:02 9963301                    /home/kunjan/.gradle/wrapper/dists/gradle-5.1.1-all/97z1ksx6lirer3kbvdnh7jtjg/gradle-5.1.1/lib/gradle-model-core-5.1.1.jar
7fbff8952000-7fbff8954000 r--s 0000d000 08:02 9963309                    /home/kunjan/.gradle/wrapper/dists/gradle-5.1.1-all/97z1ksx6lirer3kbvdnh7jtjg/gradle-5.1.1/lib/gradle-base-services-groovy-5.1.1.jar
7fbff8954000-7fbff8956000 r--s 00007000 08:02 9963300                    /home/kunjan/.gradle/wrapper/dists/gradle-5.1.1-all/97z1ksx6lirer3kbvdnh7jtjg/gradle-5.1.1/lib/gradle-model-groovy-5.1.1.jar
7fbff8956000-7fbff8958000 r--s 00006000 08:02 9963314                    /home/kunjan/.gradle/wrapper/dists/gradle-5.1.1-all/97z1ksx6lirer3kbvdnh7jtjg/gradle-5.1.1/lib/gradle-docs-5.1.1.jar
7fbff8958000-7fbff8961000 r--s 0002d000 08:02 9963335                    /home/kunjan/.gradle/wrapper/dists/gradle-5.1.1-all/97z1ksx6lirer3kbvdnh7jtjg/gradle-5.1.1/lib/xml-apis-1.4.01.jar
7fbff8961000-7fbff8962000 r--s 00000000 08:02 9963331                    /home/kunjan/.gradle/wrapper/dists/gradle-5.1.1-all/97z1ksx6lirer3kbvdnh7jtjg/gradle-5.1.1/lib/javax.inject-1.jar
7fbff8962000-7fbff89e7000 r--s 007a7000 08:02 9963329                    /home/kunjan/.gradle/wrapper/dists/gradle-5.1.1-all/97z1ksx6lirer3kbvdnh7jtjg/gradle-5.1.1/lib/groovy-all-1.0-2.5.4.jar
7fbff89e7000-7fbff89f2000 r--s 00086000 08:02 9963334                    /home/kunjan/.gradle/wrapper/dists/gradle-5.1.1-all/97z1ksx6lirer3kbvdnh7jtjg/gradle-5.1.1/lib/commons-compress-1.18.jar
7fbff89f2000-7fbff89ff000 r--s 00083000 08:02 9963332                    /home/kunjan/.gradle/wrapper/dists/gradle-5.1.1-all/97z1ksx6lirer3kbvdnh7jtjg/gradle-5.1.1/lib/commons-collections-3.2.2.jar
7fbff89ff000-7fbff8a01000 r--s 00007000 08:02 9963316                    /home/kunjan/.gradle/wrapper/dists/gradle-5.1.1-all/97z1ksx6lirer3kbvdnh7jtjg/gradle-5.1.1/lib/asm-analysis-7.0.jar
7fbff8a01000-7fbff8a03000 r--s 0000b000 08:02 9963317                    /home/kunjan/.gradle/wrapper/dists/gradle-5.1.1-all/97z1ksx6lirer3kbvdnh7jtjg/gradle-5.1.1/lib/asm-tree-7.0.jar
7fbff8a03000-7fbff8a05000 r--s 00012000 08:02 9963315                    /home/kunjan/.gradle/wrapper/dists/gradle-5.1.1-all/97z1ksx6lirer3kbvdnh7jtjg/gradle-5.1.1/lib/asm-commons-7.0.jar
7fbff8a05000-7fbff8a06000 r--s 00004000 08:02 9963341                    /home/kunjan/.gradle/wrapper/dists/gradle-5.1.1-all/97z1ksx6lirer3kbvdnh7jtjg/gradle-5.1.1/lib/native-platform-freebsd-amd64-libcpp-0.14.jar
7fbff8a06000-7fbff8a07000 r--s 00004000 08:02 9963342                    /home/kunjan/.gradle/wrapper/dists/gradle-5.1.1-all/97z1ksx6lirer3kbvdnh7jtjg/gradle-5.1.1/lib/native-platform-freebsd-amd64-libstdcpp-0.14.jar
7fbff8a07000-7fbff8a08000 r--s 00004000 08:02 9963343                    /home/kunjan/.gradle/wrapper/dists/gradle-5.1.1-all/97z1ksx6lirer3kbvdnh7jtjg/gradle-5.1.1/lib/native-platform-freebsd-i386-libcpp-0.14.jar
7fbff8a08000-7fbff8a09000 r--s 00003000 08:02 9963344                    /home/kunjan/.gradle/wrapper/dists/gradle-5.1.1-all/97z1ksx6lirer3kbvdnh7jtjg/gradle-5.1.1/lib/native-platform-freebsd-i386-libstdcpp-0.14.jar
7fbff8a09000-7fbff8a0a000 r--s 00002000 08:02 9963345                    /home/kunjan/.gradle/wrapper/dists/gradle-5.1.1-all/97z1ksx6lirer3kbvdnh7jtjg/gradle-5.1.1/lib/native-platform-linux-amd64-0.14.jar
7fbff8a0a000-7fbff8a0b000 r--s 00002000 08:02 9963346                    /home/kunjan/.gradle/wrapper/dists/gradle-5.1.1-all/97z1ksx6lirer3kbvdnh7jtjg/gradle-5.1.1/lib/native-platform-linux-i386-0.14.jar
7fbff8a0b000-7fbff8a0d000 r--s 00002000 08:02 9963347                    /home/kunjan/.gradle/wrapper/dists/gradle-5.1.1-all/97z1ksx6lirer3kbvdnh7jtjg/gradle-5.1.1/lib/native-platform-osx-amd64-0.14.jar
7fbff8a0d000-7fbff8a0e000 r--s 00003000 08:02 9963348                    /home/kunjan/.gradle/wrapper/dists/gradle-5.1.1-all/97z1ksx6lirer3kbvdnh7jtjg/gradle-5.1.1/lib/native-platform-osx-i386-0.14.jar
7fbff8a0e000-7fbff8a10000 r--s 0000b000 08:02 9963349                    /home/kunjan/.gradle/wrapper/dists/gradle-5.1.1-all/97z1ksx6lirer3kbvdnh7jtjg/gradle-5.1.1/lib/native-platform-windows-amd64-0.14.jar
7fbff8a10000-7fbff8a11000 r--s 0000b000 08:02 9963350                    /home/kunjan/.gradle/wrapper/dists/gradle-5.1.1-all/97z1ksx6lirer3kbvdnh7jtjg/gradle-5.1.1/lib/native-platform-windows-i386-0.14.jar
7fbff8a11000-7fbff8a12000 r--s 00001000 08:02 9963351                    /home/kunjan/.gradle/wrapper/dists/gradle-5.1.1-all/97z1ksx6lirer3kbvdnh7jtjg/gradle-5.1.1/lib/native-platform-linux-amd64-ncurses5-0.14.jar
7fbff8a12000-7fbff8a13000 r--s 00001000 08:02 9963352                    /home/kunjan/.gradle/wrapper/dists/gradle-5.1.1-all/97z1ksx6lirer3kbvdnh7jtjg/gradle-5.1.1/lib/native-platform-linux-amd64-ncurses6-0.14.jar
7fbff8a13000-7fbff8a14000 r--s 00001000 08:02 9963353                    /home/kunjan/.gradle/wrapper/dists/gradle-5.1.1-all/97z1ksx6lirer3kbvdnh7jtjg/gradle-5.1.1/lib/native-platform-linux-i386-ncurses5-0.14.jar
7fbff8a14000-7fbff8a15000 r--s 00001000 08:02 9963354                    /home/kunjan/.gradle/wrapper/dists/gradle-5.1.1-all/97z1ksx6lirer3kbvdnh7jtjg/gradle-5.1.1/lib/native-platform-linux-i386-ncurses6-0.14.jar
7fbff8a15000-7fbff8a19000 r--s 00012000 08:02 9963333                    /home/kunjan/.gradle/wrapper/dists/gradle-5.1.1-all/97z1ksx6lirer3kbvdnh7jtjg/gradle-5.1.1/lib/native-platform-0.14.jar
7fbff8a19000-7fbff8a1d000 r--s 00042000 08:02 9963336                    /home/kunjan/.gradle/wrapper/dists/gradle-5.1.1-all/97z1ksx6lirer3kbvdnh7jtjg/gradle-5.1.1/lib/jansi-1.17.1.jar
7fbff8a1d000-7fbff8a20000 r--s 0000c000 08:02 9963308                    /home/kunjan/.gradle/wrapper/dists/gradle-5.1.1-all/97z1ksx6lirer3kbvdnh7jtjg/gradle-5.1.1/lib/gradle-native-5.1.1.jar
7fbff8a20000-7fbff8a22000 r--s 0000c000 08:02 9963338                    /home/kunjan/.gradle/wrapper/dists/gradle-5.1.1-all/97z1ksx6lirer3kbvdnh7jtjg/gradle-5.1.1/lib/objenesis-2.6.jar
7fbff8a22000-7fbff8a24000 r--s 00000000 08:02 9963340                    /home/kunjan/.gradle/wrapper/dists/gradle-5.1.1-all/97z1ksx6lirer3kbvdnh7jtjg/gradle-5.1.1/lib/minlog-1.2.jar
7fbff8a24000-7fbff8a2a000 r--s 0004d000 08:02 9963337                    /home/kunjan/.gradle/wrapper/dists/gradle-5.1.1-all/97z1ksx6lirer3kbvdnh7jtjg/gradle-5.1.1/lib/kryo-2.24.0.jar
7fbff8a2a000-7fbff8a31000 r--s 00030000 08:02 9963310                    /home/kunjan/.gradle/wrapper/dists/gradle-5.1.1-all/97z1ksx6lirer3kbvdnh7jtjg/gradle-5.1.1/lib/gradle-messaging-5.1.1.jar
7fbff8a31000-7fbff8a33000 r--s 00006000 08:02 9963306                    /home/kunjan/.gradle/wrapper/dists/gradle-5.1.1-all/97z1ksx6lirer3kbvdnh7jtjg/gradle-5.1.1/lib/gradle-process-services-5.1.1.jar
7fbff8a33000-7fbff8a35000 r--s 00000000 08:02 9963295                    /home/kunjan/.gradle/wrapper/dists/gradle-5.1.1-all/97z1ksx6lirer3kbvdnh7jtjg/gradle-5.1.1/lib/gradle-jvm-services-5.1.1.jar
7fbff8a35000-7fbff8a37000 r--s 00003000 08:02 9963326                    /home/kunjan/.gradle/wrapper/dists/gradle-5.1.1-all/97z1ksx6lirer3kbvdnh7jtjg/gradle-5.1.1/lib/jsr305-3.0.2.jar
7fbff8a37000-7fbff8a67000 r--s 0024b000 08:02 9963325                    /home/kunjan/.gradle/wrapper/dists/gradle-5.1.1-all/97z1ksx6lirer3kbvdnh7jtjg/gradle-5.1.1/lib/guava-26.0-android.jar
7fbff8a67000-7fbff8a6c000 r--s 00041000 08:02 9963320                    /home/kunjan/.gradle/wrapper/dists/gradle-5.1.1-all/97z1ksx6lirer3kbvdnh7jtjg/gradle-5.1.1/lib/commons-lang-2.6.jar
7fbff8a6c000-7fbff8a8b000 r--s 001da000 08:02 9963330                    /home/kunjan/.gradle/wrapper/dists/gradle-5.1.1-all/97z1ksx6lirer3kbvdnh7jtjg/gradle-5.1.1/lib/ant-1.9.13.jar
7fbff8a8b000-7fbff8ac8000 r--s 0020d000 08:02 9963294                    /home/kunjan/.gradle/wrapper/dists/gradle-5.1.1-all/97z1ksx6lirer3kbvdnh7jtjg/gradle-5.1.1/lib/gradle-core-5.1.1.jar
7fbff8ac8000-7fbff8ad6000 r--s 0003c000 08:02 9963302                    /home/kunjan/.gradle/wrapper/dists/gradle-5.1.1-all/97z1ksx6lirer3kbvdnh7jtjg/gradle-5.1.1/lib/gradle-core-api-5.1.1.jar
7fbff8ad6000-7fbff8ae3000 r--s 0006c000 08:02 9963311                    /home/kunjan/.gradle/wrapper/dists/gradle-5.1.1-all/97z1ksx6lirer3kbvdnh7jtjg/gradle-5.1.1/lib/gradle-base-services-5.1.1.jar
7fbff8ae3000-7fbff8af0000 r--s 0006d000 08:02 9963289                    /home/kunjan/.gradle/wrapper/dists/gradle-5.1.1-all/97z1ksx6lirer3kbvdnh7jtjg/gradle-5.1.1/lib/gradle-launcher-5.1.1.jar
7fbff8af0000-7fbff8af1000 ---p 00000000 00:00 0 
7fbff8af1000-7fbff8bf1000 rw-p 00000000 00:00 0 
7fbff8bf1000-7fbff8bf4000 ---p 00000000 00:00 0 
7fbff8bf4000-7fbff8cf2000 rw-p 00000000 00:00 0 
7fbff8cf2000-7fbff8cf5000 ---p 00000000 00:00 0 
7fbff8cf5000-7fbff8df3000 rw-p 00000000 00:00 0 
7fbff8df3000-7fbff8df6000 ---p 00000000 00:00 0 
7fbff8df6000-7fbff8ef4000 rw-p 00000000 00:00 0 
7fbff8ef4000-7fbff8ef7000 ---p 00000000 00:00 0 
7fbff8ef7000-7fbff8ff5000 rw-p 00000000 00:00 0 
7fbff8ff5000-7fbff8ff8000 ---p 00000000 00:00 0 
7fbff8ff8000-7fbff90f6000 rw-p 00000000 00:00 0 
7fbff90f6000-7fbff97d8000 r--p 00000000 08:01 8395693                    /usr/lib/locale/locale-archive
7fbff97d8000-7fbff97db000 ---p 00000000 00:00 0 
7fbff97db000-7fbff98d9000 rw-p 00000000 00:00 0 
7fbff98d9000-7fbff98dc000 ---p 00000000 00:00 0 
7fbff98dc000-7fbff99da000 rw-p 00000000 00:00 0 
7fbff99da000-7fbff99db000 ---p 00000000 00:00 0 
7fbff99db000-7fbffaa8f000 rw-p 00000000 00:00 0 
7fbffaa8f000-7fbffac60000 r--s 03c8a000 08:02 30934372                   /home/kunjan/Documents/android-studio/jre/jre/lib/rt.jar
7fbffac60000-7fbffc631000 rw-p 00000000 00:00 0 
7fbffc631000-7fbffc632000 ---p 00000000 00:00 0 
7fbffc632000-7fbffc732000 rw-p 00000000 00:00 0 
7fbffc732000-7fbffc733000 ---p 00000000 00:00 0 
7fbffc733000-7fbffc833000 rw-p 00000000 00:00 0 
7fbffc833000-7fbffc834000 ---p 00000000 00:00 0 
7fbffc834000-7fbffc934000 rw-p 00000000 00:00 0 
7fbffc934000-7fbffc935000 ---p 00000000 00:00 0 
7fbffc935000-7fbffcb22000 rw-p 00000000 00:00 0 
7fbffcb22000-7fbffcdf5000 ---p 00000000 00:00 0 
7fbffcdf5000-7fc000915000 rwxp 00000000 00:00 0 
7fc000915000-7fc00bdf5000 ---p 00000000 00:00 0 
7fc00bdf5000-7fc00bdff000 r-xp 00000000 08:01 2102252                    /lib/x86_64-linux-gnu/libnss_files-2.19.so
7fc00bdff000-7fc00bffe000 ---p 0000a000 08:01 2102252                    /lib/x86_64-linux-gnu/libnss_files-2.19.so
7fc00bffe000-7fc00bfff000 r--p 00009000 08:01 2102252                    /lib/x86_64-linux-gnu/libnss_files-2.19.so
7fc00bfff000-7fc00c000000 rw-p 0000a000 08:01 2102252                    /lib/x86_64-linux-gnu/libnss_files-2.19.so
7fc00c000000-7fc00d2ed000 rw-p 00000000 00:00 0 
7fc00d2ed000-7fc010000000 ---p 00000000 00:00 0 
7fc010000000-7fc010003000 r--s 0001c000 08:02 9963327                    /home/kunjan/.gradle/wrapper/dists/gradle-5.1.1-all/97z1ksx6lirer3kbvdnh7jtjg/gradle-5.1.1/lib/fastutil-8.2.1-min.jar
7fc010003000-7fc010007000 r--s 00031000 08:02 9963319                    /home/kunjan/.gradle/wrapper/dists/gradle-5.1.1-all/97z1ksx6lirer3kbvdnh7jtjg/gradle-5.1.1/lib/commons-io-2.6.jar
7fc010007000-7fc010009000 r--s 0001a000 08:02 9963318                    /home/kunjan/.gradle/wrapper/dists/gradle-5.1.1-all/97z1ksx6lirer3kbvdnh7jtjg/gradle-5.1.1/lib/asm-7.0.jar
7fc010009000-7fc01000b000 r--s 00009000 08:02 9963324                    /home/kunjan/.gradle/wrapper/dists/gradle-5.1.1-all/97z1ksx6lirer3kbvdnh7jtjg/gradle-5.1.1/lib/slf4j-api-1.7.25.jar
7fc01000b000-7fc0100b6000 rw-p 00000000 00:00 0 
7fc0100b6000-7fc010160000 rw-p 00000000 00:00 0 
7fc010160000-7fc0101b6000 rw-p 00000000 00:00 0 
7fc0101b6000-7fc0101b7000 rw-p 00000000 00:00 0 
7fc0101b7000-7fc0101c2000 r-xp 00000000 08:01 2102256                    /lib/x86_64-linux-gnu/libnss_nis-2.19.so
7fc0101c2000-7fc0103c1000 ---p 0000b000 08:01 2102256                    /lib/x86_64-linux-gnu/libnss_nis-2.19.so
7fc0103c1000-7fc0103c2000 r--p 0000a000 08:01 2102256                    /lib/x86_64-linux-gnu/libnss_nis-2.19.so
7fc0103c2000-7fc0103c3000 rw-p 0000b000 08:01 2102256                    /lib/x86_64-linux-gnu/libnss_nis-2.19.so
7fc0103c3000-7fc0103da000 r-xp 00000000 08:01 2102269                    /lib/x86_64-linux-gnu/libnsl-2.19.so
7fc0103da000-7fc0105d9000 ---p 00017000 08:01 2102269                    /lib/x86_64-linux-gnu/libnsl-2.19.so
7fc0105d9000-7fc0105da000 r--p 00016000 08:01 2102269                    /lib/x86_64-linux-gnu/libnsl-2.19.so
7fc0105da000-7fc0105db000 rw-p 00017000 08:01 2102269                    /lib/x86_64-linux-gnu/libnsl-2.19.so
7fc0105db000-7fc0105dd000 rw-p 00000000 00:00 0 
7fc0105dd000-7fc0105e6000 r-xp 00000000 08:01 2102258                    /lib/x86_64-linux-gnu/libnss_compat-2.19.so
7fc0105e6000-7fc0107e5000 ---p 00009000 08:01 2102258                    /lib/x86_64-linux-gnu/libnss_compat-2.19.so
7fc0107e5000-7fc0107e6000 r--p 00008000 08:01 2102258                    /lib/x86_64-linux-gnu/libnss_compat-2.19.so
7fc0107e6000-7fc0107e7000 rw-p 00009000 08:01 2102258                    /lib/x86_64-linux-gnu/libnss_compat-2.19.so
7fc0107e7000-7fc0107ee000 r-xp 00000000 08:01 2102267                    /lib/x86_64-linux-gnu/librt-2.19.so
7fc0107ee000-7fc0109ed000 ---p 00007000 08:01 2102267                    /lib/x86_64-linux-gnu/librt-2.19.so
7fc0109ed000-7fc0109ee000 r--p 00006000 08:01 2102267                    /lib/x86_64-linux-gnu/librt-2.19.so
7fc0109ee000-7fc0109ef000 rw-p 00007000 08:01 2102267                    /lib/x86_64-linux-gnu/librt-2.19.so
7fc0109ef000-7fc010af4000 r-xp 00000000 08:01 2102260                    /lib/x86_64-linux-gnu/libm-2.19.so
7fc010af4000-7fc010cf3000 ---p 00105000 08:01 2102260                    /lib/x86_64-linux-gnu/libm-2.19.so
7fc010cf3000-7fc010cf4000 r--p 00104000 08:01 2102260                    /lib/x86_64-linux-gnu/libm-2.19.so
7fc010cf4000-7fc010cf5000 rw-p 00105000 08:01 2102260                    /lib/x86_64-linux-gnu/libm-2.19.so
7fc010cf5000-7fc01190d000 r-xp 00000000 08:02 30934429                   /home/kunjan/Documents/android-studio/jre/jre/lib/amd64/server/libjvm.so
7fc01190d000-7fc0119dc000 rw-p 00c18000 08:02 30934429                   /home/kunjan/Documents/android-studio/jre/jre/lib/amd64/server/libjvm.so
7fc0119dc000-7fc011a21000 rw-p 00000000 00:00 0 
7fc011a21000-7fc011bdf000 r-xp 00000000 08:01 2102274                    /lib/x86_64-linux-gnu/libc-2.19.so
7fc011bdf000-7fc011ddf000 ---p 001be000 08:01 2102274                    /lib/x86_64-linux-gnu/libc-2.19.so
7fc011ddf000-7fc011de3000 r--p 001be000 08:01 2102274                    /lib/x86_64-linux-gnu/libc-2.19.so
7fc011de3000-7fc011de5000 rw-p 001c2000 08:01 2102274                    /lib/x86_64-linux-gnu/libc-2.19.so
7fc011de5000-7fc011dea000 rw-p 00000000 00:00 0 
7fc011dea000-7fc011ded000 r-xp 00000000 08:01 2102270                    /lib/x86_64-linux-gnu/libdl-2.19.so
7fc011ded000-7fc011fec000 ---p 00003000 08:01 2102270                    /lib/x86_64-linux-gnu/libdl-2.19.so
7fc011fec000-7fc011fed000 r--p 00002000 08:01 2102270                    /lib/x86_64-linux-gnu/libdl-2.19.so
7fc011fed000-7fc011fee000 rw-p 00003000 08:01 2102270                    /lib/x86_64-linux-gnu/libdl-2.19.so
7fc011fee000-7fc012007000 r-xp 00000000 08:01 2102266                    /lib/x86_64-linux-gnu/libpthread-2.19.so
7fc012007000-7fc012206000 ---p 00019000 08:01 2102266                    /lib/x86_64-linux-gnu/libpthread-2.19.so
7fc012206000-7fc012207000 r--p 00018000 08:01 2102266                    /lib/x86_64-linux-gnu/libpthread-2.19.so
7fc012207000-7fc012208000 rw-p 00019000 08:01 2102266                    /lib/x86_64-linux-gnu/libpthread-2.19.so
7fc012208000-7fc01220c000 rw-p 00000000 00:00 0 
7fc01220c000-7fc01222f000 r-xp 00000000 08:01 2102263                    /lib/x86_64-linux-gnu/ld-2.19.so
7fc01222f000-7fc0122af000 rw-p 00000000 00:00 0 
7fc0122af000-7fc0122c9000 r-xp 00000000 08:02 30934399                   /home/kunjan/Documents/android-studio/jre/jre/lib/amd64/libzip.so
7fc0122c9000-7fc0122ca000 rw-p 00019000 08:02 30934399                   /home/kunjan/Documents/android-studio/jre/jre/lib/amd64/libzip.so
7fc0122ca000-7fc0122f5000 r-xp 00000000 08:02 30934409                   /home/kunjan/Documents/android-studio/jre/jre/lib/amd64/libjava.so
7fc0122f5000-7fc0122f7000 rw-p 0002b000 08:02 30934409                   /home/kunjan/Documents/android-studio/jre/jre/lib/amd64/libjava.so
7fc0122f7000-7fc0122fa000 ---p 00000000 00:00 0 
7fc0122fa000-7fc0123fc000 rw-p 00000000 00:00 0 
7fc0123fc000-7fc012411000 r-xp 00000000 08:02 30934289                   /home/kunjan/Documents/android-studio/jre/lib/amd64/jli/libjli.so
7fc012411000-7fc012412000 rw-p 00015000 08:02 30934289                   /home/kunjan/Documents/android-studio/jre/lib/amd64/jli/libjli.so
7fc012412000-7fc012413000 rw-p 00000000 00:00 0 
7fc012413000-7fc012414000 r--s 00000000 08:02 9963328                    /home/kunjan/.gradle/wrapper/dists/gradle-5.1.1-all/97z1ksx6lirer3kbvdnh7jtjg/gradle-5.1.1/lib/jcip-annotations-1.0.jar
7fc012414000-7fc012415000 r--s 00004000 08:02 9963339                    /home/kunjan/.gradle/wrapper/dists/gradle-5.1.1-all/97z1ksx6lirer3kbvdnh7jtjg/gradle-5.1.1/lib/ant-launcher-1.9.13.jar
7fc012415000-7fc01241d000 rw-s 00000000 08:01 4194416                    /tmp/hsperfdata_kunjan/28965
7fc01241d000-7fc01241e000 rw-p 00000000 00:00 0 
7fc01241e000-7fc01241f000 r--p 00000000 00:00 0 
7fc01241f000-7fc01242c000 r-xp 00000000 08:02 30934425                   /home/kunjan/Documents/android-studio/jre/jre/lib/amd64/libverify.so
7fc01242c000-7fc01242e000 rw-p 0000c000 08:02 30934425                   /home/kunjan/Documents/android-studio/jre/jre/lib/amd64/libverify.so
7fc01242e000-7fc01242f000 r--p 00022000 08:01 2102263                    /lib/x86_64-linux-gnu/ld-2.19.so
7fc01242f000-7fc012430000 rw-p 00023000 08:01 2102263                    /lib/x86_64-linux-gnu/ld-2.19.so
7fc012430000-7fc012431000 rw-p 00000000 00:00 0 
7ffc73d70000-7ffc73d91000 rw-p 00000000 00:00 0                          [stack]
7ffc73dcb000-7ffc73dce000 r--p 00000000 00:00 0                          [vvar]
7ffc73dce000-7ffc73dd0000 r-xp 00000000 00:00 0                          [vdso]
ffffffffff600000-ffffffffff601000 r-xp 00000000 00:00 0                  [vsyscall]

VM Arguments:
jvm_args: -XX:MaxMetaspaceSize=256m -XX:+HeapDumpOnOutOfMemoryError -Xmx512m -Dfile.encoding=UTF-8 -Duser.country=IN -Duser.language=en -Duser.variant 
java_command: org.gradle.launcher.daemon.bootstrap.GradleDaemon 5.1.1
java_class_path (initial): /home/kunjan/.gradle/wrapper/dists/gradle-5.1.1-all/97z1ksx6lirer3kbvdnh7jtjg/gradle-5.1.1/lib/gradle-launcher-5.1.1.jar
Launcher Type: SUN_STANDARD

Environment Variables:
JAVA_HOME=/usr/lib/jvm/java-8-oracle
JRE_HOME=/usr/lib/jvm/java-8-oracle/jre
PATH=/usr/local/sbin:/usr/local/bin:/usr/sbin:/usr/bin:/sbin:/bin:/usr/games:/usr/local/games:/usr/lib/jvm/java-8-oracle/bin:/usr/lib/jvm/java-8-oracle/db/bin:/usr/lib/jvm/java-8-oracle/jre/bin
SHELL=/bin/bash
DISPLAY=:0

Signal Handlers:
SIGSEGV: [libjvm.so+0xa00760], sa_mask[0]=11111111011111111101111111111110, sa_flags=SA_RESTART|SA_SIGINFO
SIGBUS: [libjvm.so+0xa00760], sa_mask[0]=11111111011111111101111111111110, sa_flags=SA_RESTART|SA_SIGINFO
SIGFPE: [libjvm.so+0x863090], sa_mask[0]=11111111011111111101111111111110, sa_flags=SA_RESTART|SA_SIGINFO
SIGPIPE: [libjvm.so+0x863090], sa_mask[0]=11111111011111111101111111111110, sa_flags=SA_RESTART|SA_SIGINFO
SIGXFSZ: [libjvm.so+0x863090], sa_mask[0]=11111111011111111101111111111110, sa_flags=SA_RESTART|SA_SIGINFO
SIGILL: [libjvm.so+0x863090], sa_mask[0]=11111111011111111101111111111110, sa_flags=SA_RESTART|SA_SIGINFO
SIGUSR1: SIG_DFL, sa_mask[0]=00000000000000000000000000000000, sa_flags=none
SIGUSR2: [libjvm.so+0x862f60], sa_mask[0]=00100000000000000000000000000000, sa_flags=SA_RESTART|SA_SIGINFO
SIGHUP: [libjvm.so+0x863150], sa_mask[0]=11111111011111111101111111111110, sa_flags=SA_RESTART|SA_SIGINFO
SIGINT: [libjvm.so+0x863150], sa_mask[0]=11111111011111111101111111111110, sa_flags=SA_RESTART|SA_SIGINFO
SIGTERM: [libjvm.so+0x863150], sa_mask[0]=11111111011111111101111111111110, sa_flags=SA_RESTART|SA_SIGINFO
SIGQUIT: [libjvm.so+0x863150], sa_mask[0]=11111111011111111101111111111110, sa_flags=SA_RESTART|SA_SIGINFO


---------------  S Y S T E M  ---------------

OS:DISTRIB_ID=Ubuntu
DISTRIB_RELEASE=14.04
DISTRIB_CODENAME=trusty
DISTRIB_DESCRIPTION="Ubuntu 14.04.5 LTS"

uname:Linux 4.4.0-116-generic #140~14.04.1-Ubuntu SMP Fri Feb 16 09:25:20 UTC 2018 x86_64
libc:glibc 2.19 NPTL 2.19 
rlimit: STACK 8192k, CORE 0k, NPROC 63726, NOFILE 4096, AS infinity
load average:5.41 2.55 1.58

/proc/meminfo:
MemTotal:       16339456 kB
MemFree:          242184 kB
MemAvailable:    8222708 kB
Buffers:         1843552 kB
Cached:          5168600 kB
SwapCached:         1508 kB
Active:          9630032 kB
Inactive:        4488512 kB
Active(anon):    6312064 kB
Inactive(anon):  1168828 kB
Active(file):    3317968 kB
Inactive(file):  3319684 kB
Unevictable:         344 kB
Mlocked:             344 kB
SwapTotal:      15625212 kB
SwapFree:       15615156 kB
Dirty:             35920 kB
Writeback:             0 kB
AnonPages:       7105320 kB
Mapped:           561260 kB
Shmem:            374500 kB
Slab:            1754276 kB
SReclaimable:    1684208 kB
SUnreclaim:        70068 kB
KernelStack:       20096 kB
PageTables:        96300 kB
NFS_Unstable:          0 kB
Bounce:                0 kB
WritebackTmp:          0 kB
CommitLimit:    23794940 kB
Committed_AS:   18079772 kB
VmallocTotal:   34359738367 kB
VmallocUsed:           0 kB
VmallocChunk:          0 kB
HardwareCorrupted:     0 kB
AnonHugePages:     59392 kB
CmaTotal:              0 kB
CmaFree:               0 kB
HugePages_Total:       0
HugePages_Free:        0
HugePages_Rsvd:        0
HugePages_Surp:        0
Hugepagesize:       2048 kB
DirectMap4k:      482248 kB
DirectMap2M:    16201728 kB
DirectMap1G:           0 kB


CPU:total 4 (initial active 4) (2 cores per cpu, 2 threads per core) family 6 model 158 stepping 9, cmov, cx8, fxsr, mmx, sse, sse2, sse3, ssse3, sse4.1, sse4.2, popcnt, avx, avx2, aes, clmul, erms, 3dnowpref, lzcnt, ht, tsc, tscinvbit, bmi1, bmi2, adx

/proc/cpuinfo:
processor	: 0
vendor_id	: GenuineIntel
cpu family	: 6
model		: 158
model name	: Intel(R) Core(TM) i3-7100 CPU @ 3.90GHz
stepping	: 9
microcode	: 0x48
cpu MHz		: 3245.226
cache size	: 3072 KB
physical id	: 0
siblings	: 4
core id		: 0
cpu cores	: 2
apicid		: 0
initial apicid	: 0
fpu		: yes
fpu_exception	: yes
cpuid level	: 22
wp		: yes
flags		: fpu vme de pse tsc msr pae mce cx8 apic sep mtrr pge mca cmov pat pse36 clflush dts acpi mmx fxsr sse sse2 ss ht tm pbe syscall nx pdpe1gb rdtscp lm constant_tsc art arch_perfmon pebs bts rep_good nopl xtopology nonstop_tsc aperfmperf eagerfpu pni pclmulqdq dtes64 monitor ds_cpl vmx est tm2 ssse3 sdbg fma cx16 xtpr pdcm pcid sse4_1 sse4_2 x2apic movbe popcnt tsc_deadline_timer aes xsave avx f16c rdrand lahf_lm abm 3dnowprefetch epb invpcid_single intel_pt retpoline kaiser tpr_shadow vnmi flexpriority ept vpid fsgsbase tsc_adjust bmi1 avx2 smep bmi2 erms invpcid mpx rdseed adx smap clflushopt xsaveopt xsavec xgetbv1 dtherm arat pln pts hwp hwp_notify hwp_act_window hwp_epp
bugs		: cpu_meltdown spectre_v1 spectre_v2
bogomips	: 7824.70
clflush size	: 64
cache_alignment	: 64
address sizes	: 39 bits physical, 48 bits virtual
power management:

processor	: 1
vendor_id	: GenuineIntel
cpu family	: 6
model		: 158
model name	: Intel(R) Core(TM) i3-7100 CPU @ 3.90GHz
stepping	: 9
microcode	: 0x48
cpu MHz		: 3290.777
cache size	: 3072 KB
physical id	: 0
siblings	: 4
core id		: 1
cpu cores	: 2
apicid		: 2
initial apicid	: 2
fpu		: yes
fpu_exception	: yes
cpuid level	: 22
wp		: yes
flags		: fpu vme de pse tsc msr pae mce cx8 apic sep mtrr pge mca cmov pat pse36 clflush dts acpi mmx fxsr sse sse2 ss ht tm pbe syscall nx pdpe1gb rdtscp lm constant_tsc art arch_perfmon pebs bts rep_good nopl xtopology nonstop_tsc aperfmperf eagerfpu pni pclmulqdq dtes64 monitor ds_cpl vmx est tm2 ssse3 sdbg fma cx16 xtpr pdcm pcid sse4_1 sse4_2 x2apic movbe popcnt tsc_deadline_timer aes xsave avx f16c rdrand lahf_lm abm 3dnowprefetch epb invpcid_single intel_pt retpoline kaiser tpr_shadow vnmi flexpriority ept vpid fsgsbase tsc_adjust bmi1 avx2 smep bmi2 erms invpcid mpx rdseed adx smap clflushopt xsaveopt xsavec xgetbv1 dtherm arat pln pts hwp hwp_notify hwp_act_window hwp_epp
bugs		: cpu_meltdown spectre_v1 spectre_v2
bogomips	: 7824.70
clflush size	: 64
cache_alignment	: 64
address sizes	: 39 bits physical, 48 bits virtual
power management:

processor	: 2
vendor_id	: GenuineIntel
cpu family	: 6
model		: 158
model name	: Intel(R) Core(TM) i3-7100 CPU @ 3.90GHz
stepping	: 9
microcode	: 0x48
cpu MHz		: 3281.941
cache size	: 3072 KB
physical id	: 0
siblings	: 4
core id		: 0
cpu cores	: 2
apicid		: 1
initial apicid	: 1
fpu		: yes
fpu_exception	: yes
cpuid level	: 22
wp		: yes
flags		: fpu vme de pse tsc msr pae mce cx8 apic sep mtrr pge mca cmov pat pse36 clflush dts acpi mmx fxsr sse sse2 ss ht tm pbe syscall nx pdpe1gb rdtscp lm constant_tsc art arch_perfmon pebs bts rep_good nopl xtopology nonstop_tsc aperfmperf eagerfpu pni pclmulqdq dtes64 monitor ds_cpl vmx est tm2 ssse3 sdbg fma cx16 xtpr pdcm pcid sse4_1 sse4_2 x2apic movbe popcnt tsc_deadline_timer aes xsave avx f16c rdrand lahf_lm abm 3dnowprefetch epb invpcid_single intel_pt retpoline kaiser tpr_shadow vnmi flexpriority ept vpid fsgsbase tsc_adjust bmi1 avx2 smep bmi2 erms invpcid mpx rdseed adx smap clflushopt xsaveopt xsavec xgetbv1 dtherm arat pln pts hwp hwp_notify hwp_act_window hwp_epp
bugs		: cpu_meltdown spectre_v1 spectre_v2
bogomips	: 7824.70
clflush size	: 64
cache_alignment	: 64
address sizes	: 39 bits physical, 48 bits virtual
power management:

processor	: 3
vendor_id	: GenuineIntel
cpu family	: 6
model		: 158
model name	: Intel(R) Core(TM) i3-7100 CPU @ 3.90GHz
stepping	: 9
microcode	: 0x48
cpu MHz		: 3267.468
cache size	: 3072 KB
physical id	: 0
siblings	: 4
core id		: 1
cpu cores	: 2
apicid		: 3
initial apicid	: 3
fpu		: yes
fpu_exception	: yes
cpuid level	: 22
wp		: yes
flags		: fpu vme de pse tsc msr pae mce cx8 apic sep mtrr pge mca cmov pat pse36 clflush dts acpi mmx fxsr sse sse2 ss ht tm pbe syscall nx pdpe1gb rdtscp lm constant_tsc art arch_perfmon pebs bts rep_good nopl xtopology nonstop_tsc aperfmperf eagerfpu pni pclmulqdq dtes64 monitor ds_cpl vmx est tm2 ssse3 sdbg fma cx16 xtpr pdcm pcid sse4_1 sse4_2 x2apic movbe popcnt tsc_deadline_timer aes xsave avx f16c rdrand lahf_lm abm 3dnowprefetch epb invpcid_single intel_pt retpoline kaiser tpr_shadow vnmi flexpriority ept vpid fsgsbase tsc_adjust bmi1 avx2 smep bmi2 erms invpcid mpx rdseed adx smap clflushopt xsaveopt xsavec xgetbv1 dtherm arat pln pts hwp hwp_notify hwp_act_window hwp_epp
bugs		: cpu_meltdown spectre_v1 spectre_v2
bogomips	: 7824.70
clflush size	: 64
cache_alignment	: 64
address sizes	: 39 bits physical, 48 bits virtual
power management:



Memory: 4k page, physical 16339456k(242184k free), swap 15625212k(15615156k free)

vm_info: OpenJDK 64-Bit Server VM (25.152-b16-5323222) for linux-amd64 JRE (1.8.0_152-release-1343-b16-5323222), built by "android-build" with gcc 4.8

time: Mon May  6 12:10:56 2019
elapsed time: 66 seconds (0d 0h 1m 6s)

